Order ID,Order Date,Region,Category,Sub-Category,Segment,Quantity,Price,Sales,Profit
ORD-10848,2023-01-01,South,Office Supplies,Paper,Consumer,1,416.81,416.81,9.14
ORD-10677,2023-01-01,East,Office Supplies,Paper,Consumer,4,31.62,126.48,-23.76
ORD-10648,2023-01-01,South,Furniture,Bookcase,Corporate,1,422.94,422.94,128.44
ORD-10755,2023-01-01,Central,Furniture,Table,Consumer,1,35.15,35.15,6.53
ORD-10991,2023-01-01,East,Technology,Copiers,Consumer,4,666.5,2666.0,407.09
ORD-10446,2023-01-01,Central,Technology,Phones,Consumer,2,703.94,1407.88,-215.68
ORD-10206,2023-01-02,South,Technology,Copiers,Consumer,2,634.76,1269.52,-66.68
ORD-10263,2023-01-02,West,Office Supplies,Paper,Consumer,5,65.89,329.45,35.33
ORD-10063,2023-01-02,South,Furniture,Chair,Consumer,2,264.89,529.78,-30.13
ORD-10895,2023-01-03,East,Furniture,Furnishings,Home Office,3,286.77,860.31,263.62
ORD-10948,2023-01-04,West,Office Supplies,Binders,Consumer,2,179.1,358.2,35.43
ORD-10496,2023-01-04,South,Furniture,Furnishings,Consumer,5,195.38,976.9,51.31
ORD-10325,2023-01-04,West,Office Supplies,Appliances,Home Office,4,323.2,1292.8,317.28
ORD-10968,2023-01-04,West,Technology,Phones,Corporate,5,81.57,407.85,-69.34
ORD-10613,2023-01-05,West,Office Supplies,Appliances,Consumer,4,380.23,1520.92,331.57
ORD-10415,2023-01-05,South,Office Supplies,Pens,Consumer,5,56.32,281.6,-48.78
ORD-10720,2023-01-05,Central,Technology,Computers,Consumer,2,648.25,1296.5,83.38
ORD-10128,2023-01-05,South,Technology,Phones,Home Office,3,13.12,39.36,6.14
ORD-10842,2023-01-05,West,Technology,Copiers,Consumer,4,413.09,1652.36,-249.16
ORD-10964,2023-01-06,South,Office Supplies,Appliances,Consumer,1,470.9,470.9,129.04
ORD-10741,2023-01-06,East,Furniture,Chair,Consumer,3,9.5,28.5,4.46
ORD-10334,2023-01-06,South,Furniture,Furnishings,Corporate,4,127.43,509.72,77.65
ORD-10934,2023-01-06,East,Office Supplies,Binders,Consumer,4,460.77,1843.08,220.94
ORD-10894,2023-01-07,South,Technology,Copiers,Corporate,5,735.15,3675.75,470.28
ORD-10605,2023-01-07,West,Office Supplies,Paper,Corporate,5,406.03,2030.15,73.74
ORD-10828,2023-01-08,West,Furniture,Table,Home Office,1,338.34,338.34,46.68
ORD-10687,2023-01-08,Central,Technology,Phones,Corporate,5,502.51,2512.55,358.94
ORD-10875,2023-01-08,Central,Office Supplies,Pens,Consumer,2,478.17,956.34,-154.24
ORD-10097,2023-01-09,East,Furniture,Table,Home Office,4,127.32,509.28,-57.17
ORD-10269,2023-01-09,South,Office Supplies,Pens,Corporate,3,159.05,477.15,82.27
ORD-10601,2023-01-09,West,Office Supplies,Pens,Consumer,5,35.16,175.8,31.94
ORD-10714,2023-01-10,West,Furniture,Bookcase,Consumer,1,166.48,166.48,35.94
ORD-10484,2023-01-10,West,Office Supplies,Paper,Consumer,2,96.39,192.78,-2.28
ORD-10851,2023-01-12,West,Furniture,Bookcase,Consumer,2,148.73,297.46,-46.07
ORD-10681,2023-01-12,Central,Office Supplies,Pens,Consumer,3,173.3,519.9,144.69
ORD-10518,2023-01-12,Central,Furniture,Table,Consumer,5,285.28,1426.4,-280.37
ORD-10916,2023-01-13,South,Furniture,Furnishings,Corporate,3,215.06,645.18,124.57
ORD-10378,2023-01-13,East,Office Supplies,Paper,Consumer,1,12.62,12.62,1.52
ORD-10151,2023-01-13,West,Furniture,Chair,Home Office,4,143.45,573.8,182.65
ORD-10554,2023-01-13,South,Office Supplies,Paper,Consumer,3,116.89,350.67,36.15
ORD-10050,2023-01-14,Central,Technology,Accessories,Corporate,2,239.79,479.58,-64.13
ORD-10675,2023-01-14,East,Furniture,Furnishings,Corporate,4,268.02,1072.08,18.95
ORD-10885,2023-01-14,South,Furniture,Furnishings,Home Office,2,154.96,309.92,64.94
ORD-10891,2023-01-14,South,Office Supplies,Paper,Consumer,3,342.89,1028.67,287.33
ORD-10134,2023-01-15,South,Office Supplies,Pens,Consumer,5,442.68,2213.4,-165.02
ORD-10092,2023-01-15,South,Office Supplies,Paper,Consumer,1,413.13,413.13,-1.33
ORD-10903,2023-01-15,South,Office Supplies,Pens,Home Office,2,437.31,874.62,-146.18
ORD-10497,2023-01-16,Central,Technology,Computers,Consumer,2,515.27,1030.54,95.19
ORD-10329,2023-01-17,West,Office Supplies,Binders,Consumer,4,449.35,1797.4,307.16
ORD-10352,2023-01-18,South,Office Supplies,Binders,Consumer,5,357.75,1788.75,445.81
ORD-10566,2023-01-19,East,Office Supplies,Paper,Consumer,3,172.35,517.05,-67.34
ORD-10636,2023-01-19,South,Office Supplies,Paper,Consumer,5,133.5,667.5,-132.9
ORD-10383,2023-01-20,East,Furniture,Bookcase,Consumer,4,11.8,47.2,-2.99
ORD-10671,2023-01-20,West,Office Supplies,Appliances,Home Office,3,399.17,1197.51,309.1
ORD-10987,2023-01-20,East,Office Supplies,Appliances,Consumer,2,163.68,327.36,-48.63
ORD-10044,2023-01-21,Central,Technology,Accessories,Consumer,2,470.32,940.64,57.22
ORD-10006,2023-01-21,West,Office Supplies,Appliances,Consumer,3,313.93,941.79,91.24
ORD-10846,2023-01-22,West,Furniture,Table,Corporate,5,57.37,286.85,22.48
ORD-10307,2023-01-22,Central,Technology,Phones,Corporate,1,228.8,228.8,-32.5
ORD-10025,2023-01-22,West,Furniture,Chair,Consumer,3,37.53,112.59,25.51
ORD-10747,2023-01-23,West,Furniture,Table,Consumer,2,8.36,16.72,3.68
ORD-10482,2023-01-23,South,Technology,Computers,Corporate,1,12.61,12.61,-1.05
ORD-10580,2023-01-25,East,Office Supplies,Binders,Consumer,3,117.25,351.75,58.6
ORD-10918,2023-01-25,West,Furniture,Bookcase,Consumer,5,104.58,522.9,-81.55
ORD-10914,2023-01-25,South,Office Supplies,Binders,Consumer,2,378.12,756.24,107.47
ORD-10977,2023-01-26,West,Furniture,Furnishings,Consumer,5,160.9,804.5,-25.33
ORD-10872,2023-01-26,West,Technology,Accessories,Home Office,2,593.29,1186.58,207.63
ORD-10375,2023-01-26,Central,Office Supplies,Binders,Corporate,3,339.63,1018.89,192.21
ORD-10316,2023-01-27,West,Technology,Computers,Corporate,1,239.06,239.06,53.95
ORD-10109,2023-01-28,West,Furniture,Table,Consumer,5,171.82,859.1,219.83
ORD-10164,2023-01-28,West,Office Supplies,Appliances,Consumer,5,196.6,983.0,324.49
ORD-10906,2023-01-28,South,Technology,Computers,Consumer,3,109.45,328.35,-4.93
ORD-10696,2023-01-28,West,Office Supplies,Pens,Consumer,2,310.27,620.54,169.68
ORD-10886,2023-01-28,South,Office Supplies,Binders,Corporate,1,150.43,150.43,25.52
ORD-10149,2023-01-29,South,Office Supplies,Appliances,Consumer,1,306.2,306.2,24.12
ORD-10614,2023-01-29,Central,Office Supplies,Pens,Corporate,5,467.6,2338.0,-77.48
ORD-10801,2023-01-30,South,Technology,Phones,Consumer,4,475.75,1903.0,69.61
ORD-10959,2023-01-31,East,Office Supplies,Appliances,Home Office,1,91.91,91.91,-9.41
ORD-10114,2023-02-02,Central,Office Supplies,Binders,Consumer,4,493.38,1973.52,652.87
ORD-10507,2023-02-02,West,Technology,Phones,Consumer,4,577.84,2311.36,173.96
ORD-10305,2023-02-02,Central,Office Supplies,Appliances,Consumer,1,345.07,345.07,24.71
ORD-10814,2023-02-03,Central,Office Supplies,Appliances,Consumer,2,407.74,815.48,157.57
ORD-10854,2023-02-03,East,Office Supplies,Paper,Corporate,2,293.8,587.6,31.99
ORD-10761,2023-02-03,West,Furniture,Furnishings,Consumer,2,225.85,451.7,47.29
ORD-10927,2023-02-03,East,Office Supplies,Appliances,Consumer,1,357.94,357.94,0.52
ORD-10123,2023-02-04,West,Office Supplies,Pens,Corporate,1,167.55,167.55,24.57
ORD-10523,2023-02-04,West,Technology,Copiers,Consumer,1,206.62,206.62,-0.29
ORD-10058,2023-02-04,West,Furniture,Chair,Consumer,2,151.67,303.34,-21.69
ORD-10326,2023-02-04,West,Office Supplies,Binders,Home Office,1,346.55,346.55,62.22
ORD-10708,2023-02-04,West,Office Supplies,Appliances,Consumer,5,154.4,772.0,-138.52
ORD-10962,2023-02-05,Central,Office Supplies,Appliances,Corporate,4,217.77,871.08,-36.59
ORD-10381,2023-02-05,South,Technology,Copiers,Consumer,4,330.04,1320.16,261.25
ORD-10150,2023-02-05,West,Furniture,Furnishings,Consumer,2,174.13,348.26,3.31
ORD-10545,2023-02-05,South,Furniture,Furnishings,Consumer,4,326.65,1306.6,-186.99
ORD-10337,2023-02-06,East,Office Supplies,Appliances,Home Office,5,126.67,633.35,13.63
ORD-10551,2023-02-06,South,Office Supplies,Paper,Corporate,5,348.85,1744.25,0.99
ORD-10267,2023-02-06,West,Office Supplies,Paper,Consumer,2,87.6,175.2,6.45
ORD-10310,2023-02-07,East,Office Supplies,Binders,Corporate,1,435.53,435.53,87.88
ORD-10995,2023-02-07,East,Technology,Computers,Home Office,3,151.64,454.92,43.28
ORD-10249,2023-02-08,West,Technology,Computers,Consumer,1,383.4,383.4,57.03
ORD-10908,2023-02-08,West,Technology,Copiers,Consumer,5,582.68,2913.4,318.08
ORD-10476,2023-02-08,South,Office Supplies,Paper,Consumer,4,178.45,713.8,215.65
ORD-10372,2023-02-08,East,Office Supplies,Appliances,Consumer,3,106.64,319.92,21.01
ORD-10637,2023-02-08,West,Office Supplies,Paper,Consumer,1,57.18,57.18,5.98
ORD-10765,2023-02-08,Central,Office Supplies,Pens,Consumer,2,114.06,228.12,-32.67
ORD-10585,2023-02-08,Central,Furniture,Bookcase,Consumer,1,43.21,43.21,-4.6
ORD-10960,2023-02-09,East,Office Supplies,Paper,Home Office,3,302.9,908.7,-149.5
ORD-10090,2023-02-10,Central,Furniture,Table,Consumer,1,124.81,124.81,42.77
ORD-10108,2023-02-10,South,Furniture,Chair,Consumer,4,485.06,1940.24,96.21
ORD-10699,2023-02-10,West,Technology,Computers,Consumer,3,157.09,471.27,-25.51
ORD-10136,2023-02-11,Central,Technology,Computers,Consumer,4,322.13,1288.52,215.38
ORD-10588,2023-02-11,West,Office Supplies,Pens,Consumer,1,210.64,210.64,-39.35
ORD-10932,2023-02-11,West,Furniture,Table,Consumer,1,238.0,238.0,-41.17
ORD-10820,2023-02-12,West,Furniture,Chair,Consumer,5,19.44,97.2,9.49
ORD-10515,2023-02-12,East,Furniture,Bookcase,Consumer,5,474.38,2371.9,-77.01
ORD-10166,2023-02-13,South,Furniture,Chair,Home Office,5,488.06,2440.3,587.74
ORD-10656,2023-02-13,East,Office Supplies,Appliances,Corporate,3,474.15,1422.45,-174.02
ORD-10516,2023-02-13,South,Office Supplies,Binders,Consumer,2,463.82,927.64,-76.5
ORD-10070,2023-02-13,Central,Office Supplies,Appliances,Consumer,1,82.88,82.88,-9.26
ORD-10160,2023-02-14,East,Technology,Computers,Consumer,3,567.53,1702.59,239.59
ORD-10707,2023-02-15,South,Furniture,Bookcase,Corporate,5,492.97,2464.85,643.9
ORD-10853,2023-02-15,Central,Office Supplies,Paper,Consumer,5,122.59,612.95,42.36
ORD-10333,2023-02-15,Central,Technology,Computers,Corporate,3,394.68,1184.04,399.64
ORD-10861,2023-02-16,South,Office Supplies,Binders,Consumer,3,401.9,1205.7,68.13
ORD-10470,2023-02-16,East,Technology,Copiers,Consumer,2,167.51,335.02,-5.09
ORD-10421,2023-02-16,East,Office Supplies,Appliances,Consumer,2,71.16,142.32,6.28
ORD-10990,2023-02-16,East,Technology,Computers,Consumer,3,730.22,2190.66,514.39
ORD-10672,2023-02-16,Central,Technology,Computers,Consumer,4,605.28,2421.12,641.04
ORD-10452,2023-02-17,Central,Furniture,Furnishings,Home Office,3,6.55,19.65,-2.05
ORD-10869,2023-02-17,East,Office Supplies,Appliances,Consumer,2,50.8,101.6,-14.68
ORD-10115,2023-02-17,South,Technology,Computers,Consumer,3,370.47,1111.41,185.36
ORD-10328,2023-02-18,South,Office Supplies,Paper,Consumer,2,275.7,551.4,-55.6
ORD-10029,2023-02-18,East,Office Supplies,Appliances,Consumer,5,93.38,466.9,74.24
ORD-10061,2023-02-19,South,Furniture,Furnishings,Consumer,5,416.17,2080.85,-278.45
ORD-10394,2023-02-20,West,Technology,Accessories,Corporate,1,272.49,272.49,-1.48
ORD-10804,2023-02-20,Central,Office Supplies,Binders,Consumer,5,341.88,1709.4,-60.25
ORD-10840,2023-02-20,East,Office Supplies,Paper,Corporate,3,261.59,784.77,-125.49
ORD-10313,2023-02-20,West,Furniture,Bookcase,Consumer,1,412.54,412.54,94.93
ORD-10036,2023-02-20,East,Office Supplies,Paper,Home Office,3,213.74,641.22,-81.59
ORD-10756,2023-02-20,East,Office Supplies,Appliances,Corporate,3,384.29,1152.87,-37.75
ORD-10197,2023-02-21,West,Office Supplies,Appliances,Consumer,1,219.84,219.84,-33.26
ORD-10142,2023-02-21,East,Office Supplies,Appliances,Consumer,1,117.19,117.19,-0.56
ORD-10575,2023-02-21,West,Office Supplies,Paper,Consumer,4,16.93,67.72,-9.21
ORD-10748,2023-02-22,Central,Technology,Accessories,Consumer,2,591.35,1182.7,26.98
ORD-10412,2023-02-22,West,Technology,Computers,Home Office,5,741.99,3709.95,-269.52
ORD-10215,2023-02-22,East,Office Supplies,Binders,Corporate,4,181.21,724.84,244.95
ORD-10581,2023-02-22,East,Office Supplies,Pens,Consumer,2,105.14,210.28,2.67
ORD-10816,2023-02-22,East,Furniture,Bookcase,Home Office,2,85.44,170.88,56.02
ORD-10085,2023-02-22,West,Technology,Accessories,Consumer,2,572.56,1145.12,165.38
ORD-10054,2023-02-22,Central,Office Supplies,Paper,Consumer,5,309.85,1549.25,-111.35
ORD-10409,2023-02-23,South,Furniture,Table,Home Office,5,95.8,479.0,129.44
ORD-10209,2023-02-23,East,Technology,Phones,Consumer,4,592.38,2369.52,339.87
ORD-10773,2023-02-23,East,Furniture,Bookcase,Home Office,4,298.38,1193.52,302.88
ORD-10678,2023-02-23,South,Office Supplies,Paper,Home Office,4,370.39,1481.56,401.99
ORD-10355,2023-02-23,Central,Office Supplies,Pens,Corporate,1,184.05,184.05,59.28
ORD-10064,2023-02-23,East,Office Supplies,Paper,Consumer,3,116.1,348.3,-26.78
ORD-10277,2023-02-23,East,Office Supplies,Pens,Consumer,4,416.19,1664.76,165.9
ORD-10038,2023-02-24,Central,Furniture,Chair,Consumer,2,361.5,723.0,-102.22
ORD-10883,2023-02-25,East,Technology,Copiers,Consumer,4,458.04,1832.16,489.57
ORD-10865,2023-02-25,East,Furniture,Furnishings,Consumer,5,444.93,2224.65,-369.47
ORD-10584,2023-02-26,East,Furniture,Bookcase,Corporate,2,96.71,193.42,18.9
ORD-10644,2023-02-27,West,Furniture,Chair,Consumer,1,8.46,8.46,0.19
ORD-10356,2023-02-27,East,Furniture,Chair,Home Office,1,355.7,355.7,-37.47
ORD-10402,2023-02-27,East,Furniture,Bookcase,Consumer,4,288.1,1152.4,394.62
ORD-10655,2023-02-27,East,Office Supplies,Paper,Home Office,2,108.9,217.8,-12.3
ORD-10444,2023-02-27,East,Office Supplies,Pens,Corporate,3,19.86,59.58,17.49
ORD-10436,2023-02-27,Central,Technology,Phones,Corporate,2,89.22,178.44,55.1
ORD-10030,2023-02-28,South,Furniture,Furnishings,Consumer,3,481.51,1444.53,461.42
ORD-10413,2023-03-01,East,Furniture,Bookcase,Consumer,3,354.78,1064.34,6.35
ORD-10262,2023-03-01,East,Office Supplies,Paper,Consumer,2,10.79,21.58,0.69
ORD-10870,2023-03-02,Central,Technology,Accessories,Home Office,1,691.07,691.07,-102.63
ORD-10838,2023-03-02,West,Technology,Phones,Consumer,5,61.12,305.6,53.92
ORD-10161,2023-03-03,East,Office Supplies,Paper,Consumer,1,392.43,392.43,-21.21
ORD-10561,2023-03-03,West,Office Supplies,Binders,Consumer,1,129.19,129.19,-17.28
ORD-10973,2023-03-03,Central,Furniture,Furnishings,Consumer,2,87.64,175.28,-23.38
ORD-10116,2023-03-03,East,Furniture,Chair,Home Office,2,104.92,209.84,35.75
ORD-10101,2023-03-04,South,Office Supplies,Binders,Consumer,2,372.64,745.28,25.36
ORD-10397,2023-03-04,South,Furniture,Table,Consumer,1,175.67,175.67,9.49
ORD-10731,2023-03-04,East,Office Supplies,Pens,Consumer,5,412.7,2063.5,391.96
ORD-10138,2023-03-04,East,Furniture,Chair,Consumer,5,322.78,1613.9,216.1
ORD-10512,2023-03-06,East,Furniture,Chair,Consumer,2,313.26,626.52,-48.57
ORD-10094,2023-03-06,Central,Technology,Phones,Consumer,1,702.64,702.64,-120.44
ORD-10723,2023-03-06,East,Office Supplies,Binders,Consumer,4,152.44,609.76,139.65
ORD-10158,2023-03-07,West,Technology,Copiers,Consumer,5,702.81,3514.05,990.46
ORD-10784,2023-03-07,Central,Office Supplies,Pens,Consumer,2,106.91,213.82,-1.31
ORD-10920,2023-03-08,East,Office Supplies,Pens,Consumer,1,423.53,423.53,101.43
ORD-10298,2023-03-09,West,Office Supplies,Appliances,Corporate,2,411.61,823.22,86.49
ORD-10919,2023-03-09,Central,Furniture,Furnishings,Home Office,4,386.88,1547.52,469.4
ORD-10469,2023-03-10,East,Office Supplies,Pens,Home Office,4,142.84,571.36,153.78
ORD-10578,2023-03-10,South,Technology,Computers,Home Office,1,18.32,18.32,-1.17
ORD-10458,2023-03-10,East,Technology,Phones,Home Office,3,554.16,1662.48,136.48
ORD-10813,2023-03-10,West,Furniture,Table,Home Office,5,22.03,110.15,16.44
ORD-10627,2023-03-11,Central,Office Supplies,Pens,Corporate,1,157.4,157.4,9.83
ORD-10946,2023-03-11,East,Technology,Phones,Corporate,4,105.29,421.16,114.69
ORD-10764,2023-03-13,East,Technology,Phones,Consumer,5,650.64,3253.2,242.53
ORD-10004,2023-03-13,East,Furniture,Chair,Corporate,1,376.5,376.5,90.26
ORD-10858,2023-03-14,Central,Furniture,Table,Consumer,3,105.03,315.09,-43.94
ORD-10602,2023-03-15,West,Office Supplies,Paper,Consumer,1,125.08,125.08,-18.73
ORD-10281,2023-03-16,South,Office Supplies,Pens,Consumer,5,374.2,1871.0,191.08
ORD-10785,2023-03-16,South,Furniture,Chair,Consumer,3,481.55,1444.65,210.33
ORD-10535,2023-03-16,West,Technology,Phones,Corporate,2,180.75,361.5,52.03
ORD-10967,2023-03-16,West,Office Supplies,Appliances,Home Office,3,395.26,1185.78,296.39
ORD-10600,2023-03-17,Central,Office Supplies,Paper,Corporate,1,399.14,399.14,81.53
ORD-10462,2023-03-17,Central,Technology,Copiers,Corporate,5,598.48,2992.4,-310.26
ORD-10570,2023-03-17,East,Office Supplies,Paper,Consumer,2,237.61,475.22,36.29
ORD-10855,2023-03-19,West,Office Supplies,Pens,Consumer,2,217.3,434.6,-41.75
ORD-10754,2023-03-19,West,Office Supplies,Appliances,Corporate,4,218.95,875.8,-131.09
ORD-10887,2023-03-19,South,Office Supplies,Binders,Consumer,3,317.44,952.32,-104.77
ORD-10663,2023-03-21,South,Office Supplies,Paper,Consumer,1,306.86,306.86,-20.73
ORD-10060,2023-03-22,East,Technology,Phones,Corporate,3,678.52,2035.56,700.34
ORD-10103,2023-03-22,Central,Office Supplies,Appliances,Home Office,2,397.51,795.02,127.41
ORD-10805,2023-03-22,East,Furniture,Bookcase,Consumer,3,205.57,616.71,78.83
ORD-10203,2023-03-22,East,Furniture,Furnishings,Consumer,2,455.15,910.3,208.57
ORD-10710,2023-03-23,South,Technology,Copiers,Consumer,3,704.1,2112.3,-102.32
ORD-10931,2023-03-24,West,Furniture,Chair,Corporate,3,441.45,1324.35,421.21
ORD-10751,2023-03-24,East,Office Supplies,Pens,Consumer,4,244.36,977.44,-77.17
ORD-10562,2023-03-25,South,Technology,Computers,Consumer,5,259.43,1297.15,101.52
ORD-10753,2023-03-26,West,Furniture,Chair,Consumer,4,436.44,1745.76,52.53
ORD-10465,2023-03-27,East,Office Supplies,Paper,Corporate,2,474.51,949.02,303.27
ORD-10156,2023-03-27,South,Office Supplies,Binders,Corporate,5,162.18,810.9,262.76
ORD-10911,2023-03-27,West,Office Supplies,Binders,Corporate,1,362.01,362.01,-26.53
ORD-10011,2023-03-29,West,Office Supplies,Binders,Consumer,4,231.22,924.88,122.25
ORD-10453,2023-03-30,West,Office Supplies,Pens,Consumer,1,359.02,359.02,-16.14
ORD-10048,2023-03-30,South,Office Supplies,Paper,Consumer,5,347.68,1738.4,464.25
ORD-10691,2023-03-31,South,Office Supplies,Binders,Consumer,4,426.85,1707.4,-303.04
ORD-10526,2023-03-31,Central,Office Supplies,Appliances,Consumer,1,74.85,74.85,7.49
ORD-10992,2023-03-31,South,Office Supplies,Binders,Home Office,3,162.93,488.79,162.73
ORD-10529,2023-03-31,Central,Office Supplies,Paper,Consumer,5,385.16,1925.8,74.91
ORD-10633,2023-04-01,West,Furniture,Furnishings,Corporate,3,128.74,386.22,-61.66
ORD-10843,2023-04-02,South,Technology,Accessories,Consumer,4,103.21,412.84,80.92
ORD-10388,2023-04-02,South,Technology,Phones,Consumer,1,33.49,33.49,7.81
ORD-10435,2023-04-02,West,Technology,Copiers,Consumer,1,349.92,349.92,110.91
ORD-10056,2023-04-02,East,Technology,Copiers,Corporate,1,305.93,305.93,19.56
ORD-10528,2023-04-03,East,Furniture,Chair,Corporate,4,488.75,1955.0,462.55
ORD-10836,2023-04-03,South,Furniture,Furnishings,Consumer,5,491.52,2457.6,233.62
ORD-10972,2023-04-04,South,Office Supplies,Appliances,Corporate,5,82.48,412.4,0.68
ORD-10471,2023-04-04,Central,Technology,Phones,Corporate,3,136.32,408.96,3.62
ORD-10953,2023-04-05,East,Furniture,Table,Home Office,5,297.69,1488.45,428.32
ORD-10342,2023-04-05,East,Technology,Phones,Consumer,1,117.52,117.52,20.42
ORD-10827,2023-04-05,Central,Office Supplies,Paper,Corporate,2,483.09,966.18,-100.36
ORD-10519,2023-04-05,East,Office Supplies,Pens,Corporate,4,215.93,863.72,222.67
ORD-10763,2023-04-05,Central,Office Supplies,Pens,Consumer,5,252.28,1261.4,278.3
ORD-10192,2023-04-06,East,Office Supplies,Appliances,Corporate,2,198.81,397.62,10.71
ORD-10493,2023-04-06,West,Furniture,Furnishings,Consumer,5,308.92,1544.6,-94.11
ORD-10546,2023-04-06,East,Office Supplies,Pens,Consumer,3,5.02,15.06,2.89
ORD-10143,2023-04-06,Central,Office Supplies,Binders,Home Office,4,120.69,482.76,46.83
ORD-10449,2023-04-06,East,Office Supplies,Appliances,Consumer,5,120.09,600.45,-77.26
ORD-10233,2023-04-07,Central,Furniture,Chair,Corporate,1,419.34,419.34,-19.46
ORD-10320,2023-04-07,South,Office Supplies,Appliances,Consumer,1,305.04,305.04,-12.16
ORD-10229,2023-04-08,South,Office Supplies,Binders,Consumer,4,265.09,1060.36,-69.57
ORD-10792,2023-04-08,South,Technology,Computers,Consumer,1,270.75,270.75,29.93
ORD-10737,2023-04-08,East,Office Supplies,Paper,Corporate,1,427.39,427.39,31.66
ORD-10335,2023-04-09,South,Furniture,Furnishings,Consumer,5,251.95,1259.75,-243.56
ORD-10288,2023-04-09,South,Office Supplies,Pens,Consumer,2,71.55,143.1,-5.06
ORD-10343,2023-04-09,West,Office Supplies,Appliances,Corporate,3,216.61,649.83,-13.33
ORD-10256,2023-04-09,South,Office Supplies,Appliances,Consumer,5,132.8,664.0,113.57
ORD-10544,2023-04-09,Central,Office Supplies,Binders,Consumer,1,334.2,334.2,35.46
ORD-10271,2023-04-09,West,Furniture,Furnishings,Consumer,3,72.22,216.66,-31.5
ORD-10119,2023-04-09,South,Technology,Accessories,Corporate,4,509.81,2039.24,-165.95
ORD-10739,2023-04-09,South,Office Supplies,Appliances,Consumer,1,448.38,448.38,-82.54
ORD-10579,2023-04-09,East,Furniture,Furnishings,Consumer,1,287.95,287.95,-28.32
ORD-10477,2023-04-10,Central,Office Supplies,Binders,Corporate,1,176.71,176.71,7.0
ORD-10487,2023-04-10,East,Technology,Copiers,Home Office,4,439.2,1756.8,-249.08
ORD-10012,2023-04-10,East,Office Supplies,Paper,Consumer,4,387.08,1548.32,-299.27
ORD-10568,2023-04-10,West,Furniture,Furnishings,Corporate,3,151.26,453.78,41.51
ORD-10509,2023-04-11,East,Office Supplies,Binders,Consumer,1,349.86,349.86,-7.56
ORD-10201,2023-04-11,South,Office Supplies,Paper,Consumer,3,470.64,1411.92,-81.03
ORD-10933,2023-04-11,East,Technology,Copiers,Corporate,3,292.63,877.89,236.96
ORD-10125,2023-04-11,Central,Furniture,Bookcase,Consumer,2,380.88,761.76,57.32
ORD-10410,2023-04-11,West,Office Supplies,Paper,Consumer,1,402.75,402.75,119.2
ORD-10416,2023-04-13,South,Office Supplies,Binders,Corporate,5,178.35,891.75,153.93
ORD-10786,2023-04-13,Central,Furniture,Bookcase,Corporate,2,311.05,622.1,142.96
ORD-10007,2023-04-13,South,Office Supplies,Paper,Corporate,2,274.06,548.12,163.65
ORD-10000,2023-04-13,West,Office Supplies,Paper,Consumer,2,276.56,553.12,56.37
ORD-10368,2023-04-14,West,Office Supplies,Binders,Consumer,3,340.38,1021.14,-163.73
ORD-10283,2023-04-14,South,Furniture,Furnishings,Consumer,2,248.25,496.5,43.37
ORD-10531,2023-04-15,East,Furniture,Bookcase,Consumer,2,130.52,261.04,15.41
ORD-10738,2023-04-15,East,Furniture,Bookcase,Corporate,5,260.01,1300.05,448.07
ORD-10065,2023-04-16,South,Office Supplies,Binders,Consumer,3,439.34,1318.02,-71.07
ORD-10428,2023-04-16,Central,Office Supplies,Paper,Corporate,3,499.45,1498.35,-30.49
ORD-10803,2023-04-16,East,Office Supplies,Appliances,Consumer,1,139.36,139.36,-27.59
ORD-10867,2023-04-17,West,Office Supplies,Pens,Consumer,3,441.79,1325.37,151.65
ORD-10003,2023-04-17,South,Technology,Accessories,Corporate,4,289.08,1156.32,357.94
ORD-10165,2023-04-18,East,Furniture,Chair,Consumer,5,381.34,1906.7,-237.56
ORD-10414,2023-04-18,Central,Furniture,Bookcase,Corporate,3,192.72,578.16,148.73
ORD-10586,2023-04-19,Central,Furniture,Furnishings,Corporate,4,182.28,729.12,250.98
ORD-10922,2023-04-19,Central,Technology,Copiers,Corporate,5,748.93,3744.65,-697.82
ORD-10924,2023-04-21,South,Furniture,Bookcase,Corporate,3,444.69,1334.07,70.66
ORD-10822,2023-04-21,South,Office Supplies,Paper,Consumer,2,228.31,456.62,89.17
ORD-10926,2023-04-21,East,Office Supplies,Pens,Consumer,2,223.82,447.64,-7.27
ORD-10896,2023-04-21,South,Office Supplies,Paper,Consumer,5,338.44,1692.2,-278.04
ORD-10928,2023-04-21,South,Technology,Phones,Consumer,1,247.72,247.72,-24.5
ORD-10287,2023-04-22,West,Office Supplies,Paper,Consumer,5,463.56,2317.8,-439.19
ORD-10778,2023-04-22,West,Office Supplies,Binders,Consumer,3,72.93,218.79,69.08
ORD-10947,2023-04-22,East,Office Supplies,Binders,Consumer,1,120.43,120.43,33.17
ORD-10261,2023-04-22,South,Office Supplies,Pens,Corporate,1,81.39,81.39,-8.59
ORD-10202,2023-04-23,West,Technology,Phones,Consumer,4,603.46,2413.84,125.53
ORD-10876,2023-04-23,South,Office Supplies,Binders,Home Office,3,253.08,759.24,8.41
ORD-10200,2023-04-23,South,Furniture,Chair,Corporate,3,17.97,53.91,-10.06
ORD-10282,2023-04-23,South,Office Supplies,Paper,Consumer,4,484.96,1939.84,624.65
ORD-10205,2023-04-23,East,Furniture,Furnishings,Corporate,4,141.48,565.92,-27.4
ORD-10988,2023-04-23,West,Furniture,Bookcase,Consumer,5,162.04,810.2,179.43
ORD-10195,2023-04-23,Central,Office Supplies,Binders,Consumer,3,138.56,415.68,105.49
ORD-10534,2023-04-24,Central,Technology,Computers,Consumer,2,434.7,869.4,31.28
ORD-10361,2023-04-24,East,Furniture,Furnishings,Consumer,2,309.88,619.76,163.49
ORD-10530,2023-04-25,Central,Office Supplies,Appliances,Consumer,5,217.66,1088.3,-50.7
ORD-10345,2023-04-26,West,Office Supplies,Pens,Consumer,5,297.61,1488.05,-145.27
ORD-10280,2023-04-26,West,Technology,Phones,Consumer,3,105.79,317.37,40.04
ORD-10177,2023-04-26,East,Technology,Accessories,Consumer,1,197.14,197.14,-11.16
ORD-10653,2023-04-27,Central,Office Supplies,Pens,Consumer,2,87.95,175.9,-5.16
ORD-10439,2023-04-27,East,Technology,Computers,Corporate,1,460.2,460.2,85.05
ORD-10769,2023-04-28,Central,Office Supplies,Pens,Consumer,5,429.81,2149.05,-228.16
ORD-10982,2023-04-28,South,Office Supplies,Pens,Consumer,2,401.76,803.52,73.25
ORD-10971,2023-04-28,East,Furniture,Furnishings,Home Office,4,481.29,1925.16,-78.05
ORD-10451,2023-04-28,South,Office Supplies,Pens,Corporate,2,415.51,831.02,156.79
ORD-10905,2023-04-29,East,Technology,Phones,Corporate,2,665.3,1330.6,301.0
ORD-10721,2023-04-29,Central,Office Supplies,Appliances,Consumer,4,105.98,423.92,107.91
ORD-10278,2023-04-30,West,Office Supplies,Paper,Home Office,2,247.0,494.0,10.36
ORD-10432,2023-04-30,Central,Office Supplies,Binders,Consumer,5,432.89,2164.45,265.83
ORD-10176,2023-05-01,East,Furniture,Table,Consumer,4,449.96,1799.84,414.62
ORD-10862,2023-05-01,East,Furniture,Chair,Consumer,2,88.22,176.44,14.42
ORD-10591,2023-05-02,West,Office Supplies,Binders,Consumer,4,41.0,164.0,-7.49
ORD-10445,2023-05-02,South,Technology,Copiers,Consumer,5,53.83,269.15,-4.2
ORD-10688,2023-05-02,East,Office Supplies,Appliances,Corporate,4,262.06,1048.24,-95.75
ORD-10008,2023-05-02,West,Furniture,Table,Corporate,3,170.78,512.34,-63.22
ORD-10839,2023-05-02,West,Technology,Computers,Home Office,3,488.83,1466.49,-154.26
ORD-10611,2023-05-02,Central,Technology,Computers,Consumer,5,220.76,1103.8,313.33
ORD-10224,2023-05-03,South,Technology,Accessories,Home Office,4,556.75,2227.0,-53.86
ORD-10235,2023-05-04,East,Technology,Copiers,Consumer,1,592.92,592.92,98.27
ORD-10427,2023-05-04,South,Office Supplies,Binders,Consumer,5,221.03,1105.15,184.26
ORD-10399,2023-05-05,East,Office Supplies,Paper,Consumer,5,360.78,1803.9,365.87
ORD-10643,2023-05-06,South,Technology,Computers,Home Office,2,407.26,814.52,281.56
ORD-10912,2023-05-06,Central,Technology,Copiers,Corporate,1,711.54,711.54,48.18
ORD-10450,2023-05-06,West,Office Supplies,Paper,Consumer,4,109.2,436.8,107.0
ORD-10213,2023-05-06,Central,Office Supplies,Pens,Corporate,1,308.39,308.39,-23.32
ORD-10638,2023-05-06,East,Office Supplies,Binders,Home Office,3,38.46,115.38,22.87
ORD-10818,2023-05-06,East,Office Supplies,Appliances,Consumer,5,214.23,1071.15,208.81
ORD-10365,2023-05-07,South,Technology,Phones,Corporate,3,639.13,1917.39,652.0
ORD-10442,2023-05-07,West,Office Supplies,Paper,Home Office,1,305.39,305.39,86.89
ORD-10882,2023-05-07,West,Technology,Accessories,Corporate,1,500.83,500.83,24.55
ORD-10351,2023-05-08,West,Office Supplies,Appliances,Corporate,3,333.21,999.63,207.97
ORD-10248,2023-05-08,East,Furniture,Bookcase,Corporate,4,195.33,781.32,53.3
ORD-10304,2023-05-08,Central,Technology,Copiers,Home Office,2,669.72,1339.44,51.7
ORD-10170,2023-05-08,West,Technology,Computers,Consumer,5,214.93,1074.65,334.94
ORD-10252,2023-05-09,East,Office Supplies,Paper,Consumer,3,422.74,1268.22,-54.91
ORD-10099,2023-05-09,East,Office Supplies,Binders,Home Office,3,118.09,354.27,123.28
ORD-10443,2023-05-09,West,Office Supplies,Pens,Corporate,3,443.62,1330.86,-122.23
ORD-10207,2023-05-10,East,Technology,Accessories,Consumer,2,424.78,849.56,-8.28
ORD-10214,2023-05-10,South,Office Supplies,Paper,Consumer,1,336.17,336.17,18.24
ORD-10275,2023-05-11,West,Technology,Computers,Consumer,5,362.32,1811.6,168.01
ORD-10015,2023-05-11,Central,Office Supplies,Pens,Corporate,3,466.4,1399.2,155.06
ORD-10041,2023-05-11,Central,Furniture,Chair,Consumer,2,38.78,77.56,20.2
ORD-10126,2023-05-11,West,Technology,Computers,Consumer,5,611.72,3058.6,-428.49
ORD-10625,2023-05-12,East,Furniture,Table,Home Office,3,320.98,962.94,-29.92
ORD-10806,2023-05-13,South,Furniture,Table,Consumer,4,410.74,1642.96,574.45
ORD-10744,2023-05-13,Central,Office Supplies,Pens,Consumer,3,479.28,1437.84,-91.74
ORD-10592,2023-05-13,West,Technology,Accessories,Consumer,2,656.67,1313.34,337.32
ORD-10849,2023-05-13,South,Office Supplies,Paper,Consumer,3,304.26,912.78,82.4
ORD-10980,2023-05-13,South,Office Supplies,Pens,Corporate,3,468.65,1405.95,-199.01
ORD-10654,2023-05-14,West,Technology,Copiers,Consumer,1,123.16,123.16,12.42
ORD-10970,2023-05-14,West,Technology,Copiers,Consumer,3,579.39,1738.17,367.16
ORD-10162,2023-05-14,West,Office Supplies,Paper,Consumer,1,120.16,120.16,-9.44
ORD-10110,2023-05-15,South,Furniture,Bookcase,Consumer,1,87.69,87.69,-9.45
ORD-10302,2023-05-15,East,Technology,Computers,Consumer,1,54.05,54.05,14.14
ORD-10043,2023-05-15,East,Furniture,Furnishings,Corporate,4,272.22,1088.88,-120.75
ORD-10617,2023-05-16,West,Office Supplies,Pens,Corporate,4,138.23,552.92,-50.18
ORD-10692,2023-05-16,West,Office Supplies,Binders,Consumer,2,338.01,676.02,-9.8
ORD-10100,2023-05-16,West,Office Supplies,Binders,Consumer,5,40.74,203.7,-37.31
ORD-10956,2023-05-17,South,Office Supplies,Paper,Consumer,2,444.82,889.64,38.3
ORD-10182,2023-05-17,South,Technology,Accessories,Corporate,4,689.8,2759.2,-169.05
ORD-10808,2023-05-18,West,Furniture,Bookcase,Consumer,2,86.05,172.1,-6.08
ORD-10102,2023-05-19,West,Office Supplies,Appliances,Consumer,2,434.18,868.36,102.7
ORD-10997,2023-05-19,South,Furniture,Furnishings,Home Office,1,123.77,123.77,-19.08
ORD-10266,2023-05-20,West,Office Supplies,Paper,Corporate,3,293.19,879.57,3.65
ORD-10989,2023-05-20,Central,Office Supplies,Binders,Consumer,5,7.33,36.65,-5.87
ORD-10640,2023-05-21,Central,Office Supplies,Paper,Consumer,4,497.19,1988.76,-143.19
ORD-10607,2023-05-21,Central,Office Supplies,Paper,Consumer,5,216.12,1080.6,149.64
ORD-10993,2023-05-22,East,Technology,Copiers,Consumer,1,638.94,638.94,17.81
ORD-10386,2023-05-22,East,Office Supplies,Appliances,Home Office,2,259.24,518.48,-31.45
ORD-10387,2023-05-23,West,Office Supplies,Binders,Consumer,1,107.08,107.08,25.68
ORD-10676,2023-05-23,South,Technology,Phones,Corporate,4,405.21,1620.84,227.01
ORD-10147,2023-05-23,South,Office Supplies,Appliances,Consumer,3,463.95,1391.85,-98.75
ORD-10680,2023-05-24,South,Office Supplies,Paper,Consumer,2,167.28,334.56,83.19
ORD-10425,2023-05-24,West,Technology,Copiers,Consumer,4,168.79,675.16,37.27
ORD-10577,2023-05-24,Central,Office Supplies,Pens,Consumer,1,254.26,254.26,-41.33
ORD-10583,2023-05-24,East,Office Supplies,Paper,Consumer,5,497.32,2486.6,-221.28
ORD-10259,2023-05-24,Central,Office Supplies,Pens,Consumer,4,450.66,1802.64,40.26
ORD-10464,2023-05-24,East,Technology,Computers,Consumer,4,564.57,2258.28,-262.8
ORD-10232,2023-05-24,Central,Office Supplies,Appliances,Consumer,2,165.93,331.86,58.9
ORD-10431,2023-05-25,East,Office Supplies,Pens,Consumer,2,354.55,709.1,-21.33
ORD-10702,2023-05-25,West,Office Supplies,Binders,Home Office,4,44.46,177.84,31.25
ORD-10752,2023-05-25,East,Technology,Computers,Corporate,1,208.82,208.82,45.56
ORD-10915,2023-05-25,Central,Office Supplies,Appliances,Home Office,2,183.1,366.2,8.49
ORD-10621,2023-05-25,East,Technology,Computers,Consumer,2,709.18,1418.36,248.78
ORD-10598,2023-05-26,West,Office Supplies,Pens,Consumer,1,329.67,329.67,-29.89
ORD-10923,2023-05-26,South,Office Supplies,Paper,Consumer,1,451.31,451.31,139.64
ORD-10724,2023-05-26,East,Furniture,Furnishings,Home Office,3,470.26,1410.78,-15.99
ORD-10430,2023-05-27,South,Furniture,Furnishings,Consumer,5,392.95,1964.75,218.87
ORD-10272,2023-05-27,East,Technology,Accessories,Consumer,2,240.06,480.12,-57.19
ORD-10492,2023-05-27,South,Technology,Computers,Consumer,2,327.69,655.38,-5.81
ORD-10243,2023-05-27,West,Furniture,Bookcase,Consumer,1,146.22,146.22,5.27
ORD-10670,2023-05-27,West,Office Supplies,Appliances,Consumer,2,459.02,918.04,95.9
ORD-10324,2023-05-27,Central,Office Supplies,Paper,Home Office,2,161.0,322.0,-15.48
ORD-10244,2023-05-28,West,Technology,Phones,Consumer,5,194.84,974.2,-76.84
ORD-10240,2023-05-28,East,Technology,Computers,Consumer,5,408.97,2044.85,-300.4
ORD-10645,2023-05-28,South,Technology,Copiers,Consumer,3,7.94,23.82,-0.73
ORD-10662,2023-05-29,East,Office Supplies,Pens,Consumer,5,174.75,873.75,153.89
ORD-10400,2023-05-30,West,Furniture,Chair,Consumer,3,367.54,1102.62,314.15
ORD-10943,2023-05-30,West,Office Supplies,Appliances,Consumer,4,211.89,847.56,-52.42
ORD-10016,2023-05-30,Central,Technology,Copiers,Consumer,1,435.39,435.39,58.21
ORD-10254,2023-05-31,East,Office Supplies,Paper,Consumer,3,440.53,1321.59,153.47
ORD-10364,2023-05-31,South,Furniture,Bookcase,Consumer,4,340.19,1360.76,195.63
ORD-10548,2023-05-31,West,Furniture,Chair,Consumer,2,305.53,611.06,8.43
ORD-10824,2023-05-31,Central,Office Supplies,Appliances,Consumer,3,69.04,207.12,1.39
ORD-10582,2023-05-31,South,Office Supplies,Paper,Consumer,3,194.48,583.44,152.59
ORD-10547,2023-06-01,East,Office Supplies,Binders,Consumer,5,479.03,2395.15,266.24
ORD-10189,2023-06-01,West,Office Supplies,Binders,Corporate,5,271.65,1358.25,119.92
ORD-10504,2023-06-01,South,Technology,Accessories,Consumer,5,628.6,3143.0,-541.8
ORD-10014,2023-06-01,West,Furniture,Bookcase,Consumer,3,80.91,242.73,29.72
ORD-10954,2023-06-01,Central,Office Supplies,Paper,Consumer,2,394.36,788.72,-150.24
ORD-10276,2023-06-01,West,Furniture,Bookcase,Consumer,2,414.27,828.54,157.39
ORD-10289,2023-06-02,Central,Technology,Copiers,Consumer,1,596.6,596.6,205.71
ORD-10395,2023-06-02,East,Technology,Accessories,Consumer,5,250.11,1250.55,-6.34
ORD-10766,2023-06-03,West,Office Supplies,Binders,Consumer,1,137.24,137.24,41.29
ORD-10890,2023-06-03,Central,Furniture,Table,Consumer,1,183.2,183.2,-28.91
ORD-10463,2023-06-03,West,Furniture,Table,Consumer,4,128.59,514.36,-28.4
ORD-10366,2023-06-04,East,Furniture,Furnishings,Consumer,1,14.8,14.8,0.22
ORD-10835,2023-06-04,South,Furniture,Bookcase,Consumer,5,148.13,740.65,239.78
ORD-10686,2023-06-05,Central,Office Supplies,Paper,Corporate,5,310.51,1552.55,517.62
ORD-10091,2023-06-06,East,Office Supplies,Binders,Consumer,1,282.03,282.03,-54.89
ORD-10309,2023-06-07,West,Office Supplies,Pens,Consumer,4,430.18,1720.72,-168.09
ORD-10429,2023-06-07,East,Technology,Computers,Consumer,3,186.81,560.43,-99.65
ORD-10332,2023-06-07,East,Technology,Accessories,Corporate,2,736.02,1472.04,-140.49
ORD-10658,2023-06-09,West,Furniture,Chair,Home Office,3,413.84,1241.52,227.33
ORD-10191,2023-06-09,West,Furniture,Bookcase,Consumer,3,498.19,1494.57,3.84
ORD-10268,2023-06-09,South,Technology,Phones,Corporate,3,26.39,79.17,12.29
ORD-10837,2023-06-09,Central,Office Supplies,Appliances,Consumer,3,29.51,88.53,11.48
ORD-10502,2023-06-09,Central,Office Supplies,Appliances,Home Office,4,280.38,1121.52,-206.32
ORD-10152,2023-06-09,West,Furniture,Table,Home Office,4,426.46,1705.84,-145.54
ORD-10218,2023-06-09,Central,Technology,Computers,Home Office,2,55.91,111.82,6.17
ORD-10348,2023-06-10,South,Technology,Computers,Consumer,5,217.24,1086.2,36.8
ORD-10297,2023-06-10,Central,Furniture,Chair,Consumer,5,210.98,1054.9,229.74
ORD-10279,2023-06-10,West,Technology,Copiers,Consumer,2,350.12,700.24,141.41
ORD-10023,2023-06-10,West,Furniture,Furnishings,Home Office,4,210.24,840.96,-128.72
ORD-10768,2023-06-11,East,Office Supplies,Pens,Corporate,5,471.78,2358.9,320.12
ORD-10071,2023-06-11,Central,Furniture,Chair,Home Office,3,377.59,1132.77,-127.74
ORD-10294,2023-06-12,East,Furniture,Table,Corporate,1,252.81,252.81,59.91
ORD-10593,2023-06-12,Central,Office Supplies,Pens,Consumer,3,170.43,511.29,103.27
ORD-10506,2023-06-12,Central,Technology,Accessories,Consumer,3,670.99,2012.97,325.96
ORD-10104,2023-06-12,East,Office Supplies,Paper,Consumer,5,235.58,1177.9,306.02
ORD-10539,2023-06-13,East,Office Supplies,Binders,Home Office,1,482.82,482.82,-83.18
ORD-10690,2023-06-13,East,Office Supplies,Binders,Consumer,4,461.71,1846.84,140.92
ORD-10668,2023-06-13,West,Office Supplies,Binders,Consumer,3,31.98,95.94,-2.62
ORD-10749,2023-06-14,East,Technology,Accessories,Corporate,2,55.09,110.18,14.09
ORD-10615,2023-06-14,East,Technology,Phones,Corporate,4,299.71,1198.84,-153.58
ORD-10184,2023-06-14,East,Office Supplies,Appliances,Consumer,2,58.43,116.86,20.67
ORD-10799,2023-06-15,West,Office Supplies,Paper,Corporate,1,85.99,85.99,15.52
ORD-10046,2023-06-16,Central,Furniture,Furnishings,Corporate,2,56.03,112.06,-3.02
ORD-10632,2023-06-16,East,Technology,Computers,Consumer,1,134.91,134.91,-14.56
ORD-10608,2023-06-17,South,Furniture,Table,Consumer,1,110.93,110.93,-4.9
ORD-10513,2023-06-17,South,Office Supplies,Binders,Corporate,2,89.61,179.22,5.37
ORD-10296,2023-06-18,South,Furniture,Bookcase,Consumer,5,293.71,1468.55,386.56
ORD-10406,2023-06-19,West,Office Supplies,Binders,Home Office,5,389.36,1946.8,265.22
ORD-10159,2023-06-19,East,Technology,Copiers,Consumer,2,490.27,980.54,-114.12
ORD-10844,2023-06-19,South,Office Supplies,Pens,Consumer,4,52.84,211.36,-10.4
ORD-10031,2023-06-19,South,Office Supplies,Pens,Consumer,2,47.33,94.66,-8.11
ORD-10373,2023-06-19,Central,Office Supplies,Binders,Consumer,2,303.8,607.6,-95.8
ORD-10609,2023-06-19,West,Technology,Accessories,Consumer,1,236.79,236.79,-9.13
ORD-10148,2023-06-20,Central,Furniture,Chair,Consumer,4,125.61,502.44,85.09
ORD-10188,2023-06-21,South,Furniture,Furnishings,Corporate,3,158.91,476.73,99.3
ORD-10216,2023-06-21,East,Office Supplies,Appliances,Corporate,4,274.7,1098.8,238.59
ORD-10120,2023-06-21,Central,Office Supplies,Paper,Consumer,4,83.85,335.4,44.52
ORD-10330,2023-06-21,South,Technology,Computers,Corporate,4,496.89,1987.56,-278.47
ORD-10657,2023-06-22,Central,Furniture,Bookcase,Consumer,5,174.58,872.9,126.76
ORD-10382,2023-06-22,West,Office Supplies,Paper,Consumer,1,124.8,124.8,24.05
ORD-10757,2023-06-22,South,Office Supplies,Binders,Consumer,5,348.0,1740.0,596.91
ORD-10639,2023-06-22,West,Office Supplies,Appliances,Corporate,5,177.67,888.35,5.47
ORD-10978,2023-06-22,East,Office Supplies,Paper,Consumer,5,171.47,857.35,-16.52
ORD-10659,2023-06-22,West,Technology,Phones,Corporate,2,117.77,235.54,30.16
ORD-10606,2023-06-23,West,Technology,Phones,Consumer,1,207.08,207.08,-18.79
ORD-10359,2023-06-23,South,Office Supplies,Paper,Home Office,1,364.89,364.89,39.82
ORD-10035,2023-06-24,South,Office Supplies,Pens,Corporate,1,244.97,244.97,20.05
ORD-10306,2023-06-25,Central,Office Supplies,Appliances,Home Office,5,357.96,1789.8,298.02
ORD-10371,2023-06-25,East,Furniture,Table,Consumer,1,370.25,370.25,69.42
ORD-10727,2023-06-26,East,Furniture,Chair,Consumer,4,304.92,1219.68,43.41
ORD-10736,2023-06-26,Central,Office Supplies,Pens,Consumer,2,147.32,294.64,28.29
ORD-10543,2023-06-26,East,Office Supplies,Paper,Consumer,3,462.52,1387.56,-28.86
ORD-10567,2023-06-26,Central,Furniture,Chair,Consumer,2,111.38,222.76,-39.41
ORD-10505,2023-06-27,Central,Office Supplies,Paper,Consumer,3,50.23,150.69,-4.05
ORD-10695,2023-06-27,West,Furniture,Table,Home Office,5,360.94,1804.7,182.52
ORD-10137,2023-06-28,West,Office Supplies,Paper,Home Office,5,88.17,440.85,90.5
ORD-10508,2023-06-28,West,Furniture,Table,Home Office,5,451.28,2256.4,-184.21
ORD-10879,2023-06-29,Central,Office Supplies,Appliances,Consumer,3,13.95,41.85,0.84
ORD-10489,2023-06-29,East,Office Supplies,Appliances,Consumer,5,42.45,212.25,-0.24
ORD-10935,2023-06-29,East,Office Supplies,Appliances,Consumer,1,264.03,264.03,-35.85
ORD-10194,2023-06-29,Central,Office Supplies,Binders,Consumer,5,292.09,1460.45,158.92
ORD-10405,2023-06-29,West,Office Supplies,Paper,Corporate,2,258.58,517.16,-70.92
ORD-10341,2023-06-30,East,Technology,Phones,Corporate,5,730.97,3654.85,-675.65
ORD-10587,2023-06-30,South,Technology,Computers,Consumer,3,419.39,1258.17,-198.52
ORD-10631,2023-07-01,East,Technology,Phones,Consumer,5,110.9,554.5,-107.63
ORD-10553,2023-07-02,Central,Technology,Accessories,Consumer,5,507.72,2538.6,563.88
ORD-10825,2023-07-02,East,Office Supplies,Paper,Home Office,3,30.15,90.45,5.21
ORD-10830,2023-07-03,East,Technology,Copiers,Consumer,4,161.05,644.2,198.92
ORD-10223,2023-07-03,West,Furniture,Furnishings,Corporate,4,411.09,1644.36,-45.65
ORD-10809,2023-07-03,East,Office Supplies,Pens,Home Office,5,48.76,243.8,-2.87
ORD-10466,2023-07-04,South,Technology,Accessories,Consumer,5,353.73,1768.65,386.13
ORD-10693,2023-07-05,West,Office Supplies,Pens,Consumer,3,392.59,1177.77,250.38
ORD-10396,2023-07-05,West,Technology,Phones,Consumer,5,299.1,1495.5,156.06
ORD-10589,2023-07-05,East,Furniture,Table,Consumer,2,301.68,603.36,121.13
ORD-10154,2023-07-06,West,Office Supplies,Paper,Consumer,3,90.89,272.67,49.69
ORD-10565,2023-07-06,Central,Technology,Computers,Consumer,1,716.27,716.27,-83.6
ORD-10204,2023-07-06,Central,Furniture,Table,Consumer,4,202.42,809.68,248.93
ORD-10236,2023-07-06,East,Technology,Accessories,Consumer,3,89.91,269.73,12.38
ORD-10892,2023-07-06,West,Technology,Computers,Consumer,5,188.02,940.1,197.06
ORD-10344,2023-07-07,South,Furniture,Bookcase,Corporate,2,446.82,893.64,27.43
ORD-10089,2023-07-07,West,Office Supplies,Binders,Corporate,3,349.02,1047.06,285.92
ORD-10032,2023-07-07,Central,Furniture,Furnishings,Consumer,2,446.87,893.74,223.07
ORD-10456,2023-07-08,Central,Office Supplies,Paper,Consumer,4,244.17,976.68,254.94
ORD-10005,2023-07-08,Central,Furniture,Bookcase,Consumer,2,454.39,908.78,-23.71
ORD-10549,2023-07-09,East,Furniture,Furnishings,Consumer,3,415.71,1247.13,420.58
ORD-10079,2023-07-09,West,Furniture,Chair,Consumer,3,129.99,389.97,-77.77
ORD-10398,2023-07-09,East,Furniture,Chair,Consumer,5,208.49,1042.45,205.43
ORD-10650,2023-07-09,South,Furniture,Chair,Consumer,3,370.25,1110.75,-137.23
ORD-10173,2023-07-09,East,Furniture,Furnishings,Consumer,3,331.22,993.66,239.64
ORD-10034,2023-07-09,East,Office Supplies,Paper,Consumer,4,487.4,1949.6,446.2
ORD-10068,2023-07-10,South,Furniture,Chair,Consumer,5,426.35,2131.75,154.19
ORD-10346,2023-07-10,Central,Technology,Copiers,Consumer,3,58.74,176.22,55.94
ORD-10651,2023-07-10,West,Office Supplies,Binders,Consumer,1,419.03,419.03,32.0
ORD-10904,2023-07-11,West,Office Supplies,Binders,Consumer,5,470.64,2353.2,-408.8
ORD-10021,2023-07-11,West,Office Supplies,Pens,Consumer,3,127.87,383.61,45.15
ORD-10541,2023-07-11,South,Office Supplies,Appliances,Corporate,4,495.77,1983.08,396.14
ORD-10457,2023-07-11,East,Technology,Computers,Home Office,4,316.49,1265.96,104.59
ORD-10701,2023-07-11,East,Furniture,Chair,Home Office,3,55.67,167.01,35.65
ORD-10327,2023-07-11,West,Office Supplies,Paper,Consumer,1,479.18,479.18,43.76
ORD-10787,2023-07-11,Central,Technology,Copiers,Corporate,4,639.26,2557.04,-109.0
ORD-10292,2023-07-13,West,Office Supplies,Appliances,Consumer,2,43.44,86.88,2.1
ORD-10974,2023-07-13,South,Technology,Accessories,Home Office,4,384.33,1537.32,31.81
ORD-10612,2023-07-13,East,Furniture,Chair,Home Office,3,114.22,342.66,-42.5
ORD-10832,2023-07-14,East,Office Supplies,Paper,Corporate,1,20.6,20.6,-2.74
ORD-10834,2023-07-14,West,Office Supplies,Appliances,Consumer,5,337.81,1689.05,302.42
ORD-10303,2023-07-14,East,Furniture,Chair,Consumer,4,55.44,221.76,-0.41
ORD-10417,2023-07-15,Central,Furniture,Bookcase,Consumer,5,196.38,981.9,161.39
ORD-10532,2023-07-15,East,Furniture,Bookcase,Consumer,2,396.77,793.54,104.24
ORD-10742,2023-07-16,East,Office Supplies,Binders,Consumer,4,432.4,1729.6,-213.26
ORD-10712,2023-07-16,East,Furniture,Bookcase,Corporate,2,155.72,311.44,106.08
ORD-10230,2023-07-17,East,Furniture,Chair,Consumer,4,453.15,1812.6,374.88
ORD-10219,2023-07-17,South,Office Supplies,Appliances,Consumer,4,228.59,914.36,16.97
ORD-10945,2023-07-17,West,Office Supplies,Appliances,Consumer,4,80.23,320.92,-41.18
ORD-10181,2023-07-17,East,Office Supplies,Appliances,Consumer,3,444.03,1332.09,206.73
ORD-10246,2023-07-18,West,Furniture,Bookcase,Consumer,4,455.78,1823.12,101.07
ORD-10111,2023-07-20,West,Office Supplies,Paper,Consumer,1,422.86,422.86,102.81
ORD-10703,2023-07-20,East,Office Supplies,Appliances,Consumer,4,402.01,1608.04,-179.58
ORD-10234,2023-07-20,East,Office Supplies,Paper,Corporate,5,21.43,107.15,-3.52
ORD-10072,2023-07-21,South,Technology,Accessories,Corporate,2,103.19,206.38,-3.24
ORD-10750,2023-07-21,Central,Furniture,Furnishings,Home Office,2,211.61,423.22,-12.56
ORD-10634,2023-07-21,West,Office Supplies,Paper,Corporate,5,393.61,1968.05,-181.77
ORD-10907,2023-07-21,South,Furniture,Chair,Corporate,1,137.8,137.8,17.22
ORD-10222,2023-07-22,West,Office Supplies,Pens,Consumer,3,142.07,426.21,145.31
ORD-10976,2023-07-22,South,Office Supplies,Paper,Corporate,2,116.95,233.9,65.51
ORD-10665,2023-07-22,South,Office Supplies,Binders,Home Office,4,463.4,1853.6,-205.88
ORD-10473,2023-07-23,West,Technology,Copiers,Consumer,2,243.65,487.3,103.4
ORD-10758,2023-07-24,West,Office Supplies,Appliances,Consumer,2,82.4,164.8,35.18
ORD-10817,2023-07-24,West,Technology,Phones,Consumer,3,13.9,41.7,-7.88
ORD-10573,2023-07-25,West,Office Supplies,Paper,Consumer,5,10.19,50.95,14.89
ORD-10059,2023-07-25,East,Furniture,Table,Home Office,1,198.86,198.86,-26.16
ORD-10880,2023-07-26,Central,Office Supplies,Paper,Consumer,1,442.0,442.0,26.58
ORD-10781,2023-07-26,Central,Technology,Phones,Consumer,4,147.26,589.04,-58.12
ORD-10133,2023-07-26,South,Furniture,Furnishings,Consumer,4,48.08,192.32,47.82
ORD-10295,2023-07-27,Central,Furniture,Table,Consumer,4,432.38,1729.52,35.83
ORD-10082,2023-07-27,Central,Furniture,Furnishings,Consumer,5,321.07,1605.35,29.98
ORD-10274,2023-07-27,South,Technology,Phones,Consumer,5,458.11,2290.55,-267.14
ORD-10704,2023-07-31,Central,Furniture,Furnishings,Consumer,5,161.53,807.65,213.81
ORD-10917,2023-07-31,East,Office Supplies,Binders,Consumer,1,483.18,483.18,-61.92
ORD-10985,2023-07-31,East,Office Supplies,Binders,Consumer,4,455.86,1823.44,252.44
ORD-10664,2023-08-01,East,Furniture,Furnishings,Consumer,1,49.43,49.43,14.88
ORD-10081,2023-08-01,East,Office Supplies,Appliances,Home Office,4,328.98,1315.92,-65.41
ORD-10122,2023-08-02,West,Office Supplies,Binders,Corporate,3,404.88,1214.64,266.32
ORD-10884,2023-08-02,South,Technology,Copiers,Consumer,3,292.58,877.74,39.01
ORD-10863,2023-08-02,East,Office Supplies,Pens,Consumer,4,272.41,1089.64,-187.77
ORD-10524,2023-08-03,South,Office Supplies,Paper,Consumer,5,172.08,860.4,207.85
ORD-10077,2023-08-03,Central,Office Supplies,Binders,Home Office,1,33.67,33.67,-5.35
ORD-10009,2023-08-03,Central,Office Supplies,Appliances,Consumer,3,395.36,1186.08,-138.27
ORD-10392,2023-08-03,East,Furniture,Chair,Consumer,5,84.43,422.15,-68.06
ORD-10594,2023-08-03,West,Office Supplies,Pens,Corporate,4,433.88,1735.52,-290.2
ORD-10888,2023-08-04,West,Office Supplies,Appliances,Consumer,4,425.06,1700.24,490.95
ORD-10117,2023-08-04,East,Furniture,Furnishings,Corporate,5,481.86,2409.3,-143.55
ORD-10623,2023-08-05,South,Furniture,Bookcase,Home Office,5,342.91,1714.55,-120.72
ORD-10732,2023-08-05,East,Technology,Accessories,Consumer,3,549.53,1648.59,-5.33
ORD-10087,2023-08-05,East,Furniture,Furnishings,Consumer,1,104.26,104.26,7.34
ORD-10556,2023-08-05,West,Technology,Accessories,Consumer,3,481.05,1443.15,362.28
ORD-10563,2023-08-05,East,Office Supplies,Paper,Home Office,4,203.35,813.4,-111.17
ORD-10536,2023-08-05,Central,Furniture,Chair,Consumer,5,304.97,1524.85,407.43
ORD-10474,2023-08-06,East,Furniture,Chair,Consumer,3,149.8,449.4,-7.77
ORD-10217,2023-08-06,South,Furniture,Furnishings,Consumer,4,435.94,1743.76,-119.73
ORD-10129,2023-08-06,West,Furniture,Bookcase,Consumer,4,467.55,1870.2,-12.36
ORD-10069,2023-08-06,Central,Office Supplies,Binders,Corporate,2,274.17,548.34,151.05
ORD-10856,2023-08-06,West,Office Supplies,Binders,Home Office,2,102.01,204.02,65.1
ORD-10642,2023-08-08,South,Technology,Phones,Consumer,3,31.05,93.15,8.78
ORD-10697,2023-08-08,West,Office Supplies,Binders,Consumer,5,442.98,2214.9,-161.14
ORD-10331,2023-08-08,Central,Office Supplies,Appliances,Consumer,2,263.66,527.32,-41.91
ORD-10208,2023-08-08,South,Technology,Computers,Consumer,2,551.34,1102.68,112.01
ORD-10966,2023-08-08,West,Office Supplies,Pens,Consumer,3,78.29,234.87,-34.23
ORD-10705,2023-08-08,Central,Office Supplies,Appliances,Consumer,4,379.44,1517.76,92.26
ORD-10468,2023-08-08,South,Furniture,Chair,Home Office,1,257.74,257.74,35.65
ORD-10595,2023-08-09,West,Furniture,Bookcase,Consumer,5,311.21,1556.05,175.37
ORD-10775,2023-08-10,West,Office Supplies,Appliances,Corporate,2,332.6,665.2,165.83
ORD-10480,2023-08-10,East,Furniture,Furnishings,Consumer,5,226.12,1130.6,85.74
ORD-10144,2023-08-10,East,Office Supplies,Binders,Home Office,2,169.84,339.68,57.14
ORD-10574,2023-08-11,East,Technology,Computers,Consumer,1,656.35,656.35,-126.61
ORD-10354,2023-08-11,West,Office Supplies,Paper,Corporate,2,356.11,712.22,-76.9
ORD-10963,2023-08-11,Central,Office Supplies,Binders,Consumer,2,215.93,431.86,44.82
ORD-10590,2023-08-11,East,Office Supplies,Paper,Corporate,4,93.62,374.48,89.36
ORD-10490,2023-08-11,East,Office Supplies,Paper,Corporate,2,370.74,741.48,-135.07
ORD-10725,2023-08-12,East,Office Supplies,Paper,Home Office,2,232.88,465.76,88.64
ORD-10211,2023-08-12,West,Technology,Copiers,Consumer,1,23.86,23.86,4.68
ORD-10550,2023-08-12,South,Furniture,Furnishings,Consumer,3,407.17,1221.51,-24.65
ORD-10683,2023-08-12,East,Office Supplies,Paper,Consumer,2,25.54,51.08,-1.17
ORD-10986,2023-08-13,East,Technology,Copiers,Consumer,4,427.67,1710.68,237.02
ORD-10185,2023-08-13,West,Technology,Accessories,Consumer,4,551.61,2206.44,216.74
ORD-10174,2023-08-13,Central,Furniture,Furnishings,Home Office,2,233.66,467.32,161.4
ORD-10212,2023-08-13,Central,Furniture,Table,Consumer,1,490.36,490.36,-36.74
ORD-10938,2023-08-14,Central,Furniture,Chair,Consumer,3,272.71,818.13,204.61
ORD-10789,2023-08-14,Central,Furniture,Table,Consumer,5,457.84,2289.2,-191.28
ORD-10317,2023-08-14,South,Office Supplies,Binders,Consumer,5,42.81,214.05,2.23
ORD-10902,2023-08-15,South,Office Supplies,Paper,Home Office,3,168.12,504.36,21.35
ORD-10669,2023-08-15,Central,Furniture,Bookcase,Consumer,4,246.26,985.04,177.58
ORD-10124,2023-08-15,West,Office Supplies,Pens,Consumer,1,300.26,300.26,30.06
ORD-10286,2023-08-15,West,Furniture,Chair,Consumer,1,152.73,152.73,-10.35
ORD-10542,2023-08-15,South,Technology,Copiers,Consumer,1,629.37,629.37,86.83
ORD-10700,2023-08-16,East,Furniture,Table,Consumer,2,456.84,913.68,123.99
ORD-10925,2023-08-16,Central,Furniture,Chair,Consumer,5,137.96,689.8,49.77
ORD-10961,2023-08-17,South,Office Supplies,Binders,Consumer,4,307.31,1229.24,-67.16
ORD-10438,2023-08-17,East,Technology,Phones,Consumer,4,38.94,155.76,18.51
ORD-10941,2023-08-17,East,Office Supplies,Binders,Consumer,3,249.83,749.49,218.93
ORD-10667,2023-08-17,West,Furniture,Furnishings,Corporate,5,167.28,836.4,3.89
ORD-10782,2023-08-17,East,Office Supplies,Appliances,Home Office,4,59.2,236.8,-20.94
ORD-10311,2023-08-18,Central,Technology,Accessories,Consumer,2,300.59,601.18,187.53
ORD-10604,2023-08-18,West,Office Supplies,Appliances,Home Office,1,102.17,102.17,-19.17
ORD-10172,2023-08-19,West,Technology,Accessories,Consumer,3,85.98,257.94,88.62
ORD-10140,2023-08-19,West,Office Supplies,Pens,Home Office,5,360.21,1801.05,325.7
ORD-10107,2023-08-19,East,Office Supplies,Pens,Home Office,3,159.51,478.53,9.32
ORD-10145,2023-08-19,South,Office Supplies,Paper,Home Office,4,34.77,139.08,15.2
ORD-10910,2023-08-19,West,Technology,Computers,Home Office,3,417.13,1251.39,328.62
ORD-10336,2023-08-21,Central,Office Supplies,Appliances,Consumer,3,27.8,83.4,20.39
ORD-10270,2023-08-21,Central,Office Supplies,Appliances,Home Office,1,57.1,57.1,-6.16
ORD-10673,2023-08-21,East,Furniture,Table,Corporate,2,293.79,587.58,32.5
ORD-10850,2023-08-21,South,Technology,Copiers,Consumer,3,585.48,1756.44,-186.54
ORD-10178,2023-08-21,East,Technology,Accessories,Consumer,2,246.75,493.5,-64.71
ORD-10569,2023-08-21,West,Office Supplies,Paper,Home Office,4,439.99,1759.96,188.48
ORD-10193,2023-08-21,East,Furniture,Table,Consumer,4,398.13,1592.52,-237.05
ORD-10921,2023-08-21,Central,Furniture,Chair,Consumer,1,82.07,82.07,-6.23
ORD-10187,2023-08-22,West,Office Supplies,Appliances,Consumer,1,372.15,372.15,105.99
ORD-10596,2023-08-23,West,Office Supplies,Pens,Consumer,4,366.44,1465.76,167.81
ORD-10819,2023-08-23,South,Office Supplies,Pens,Consumer,2,93.05,186.1,-1.22
ORD-10930,2023-08-24,West,Office Supplies,Appliances,Corporate,4,320.23,1280.92,430.55
ORD-10774,2023-08-24,South,Office Supplies,Binders,Home Office,2,141.21,282.42,5.33
ORD-10027,2023-08-24,East,Technology,Copiers,Consumer,3,485.67,1457.01,36.14
ORD-10454,2023-08-25,Central,Furniture,Chair,Consumer,3,495.93,1487.79,245.95
ORD-10083,2023-08-25,West,Technology,Phones,Corporate,2,165.73,331.46,-60.62
ORD-10146,2023-08-25,South,Furniture,Bookcase,Corporate,2,52.85,105.7,5.04
ORD-10897,2023-08-26,Central,Furniture,Chair,Consumer,2,293.16,586.32,-2.21
ORD-10472,2023-08-26,Central,Office Supplies,Pens,Home Office,1,109.34,109.34,11.6
ORD-10308,2023-08-26,East,Office Supplies,Binders,Consumer,4,433.58,1734.32,107.15
ORD-10599,2023-08-27,Central,Furniture,Furnishings,Consumer,3,180.64,541.92,124.16
ORD-10899,2023-08-27,Central,Furniture,Chair,Home Office,5,414.67,2073.35,689.03
ORD-10864,2023-08-27,East,Furniture,Bookcase,Corporate,2,363.05,726.1,-90.89
ORD-10726,2023-08-27,East,Furniture,Furnishings,Consumer,1,144.5,144.5,-14.25
ORD-10447,2023-08-27,East,Furniture,Furnishings,Consumer,3,237.21,711.63,-37.21
ORD-10231,2023-08-28,Central,Office Supplies,Pens,Home Office,1,421.52,421.52,24.96
ORD-10706,2023-08-28,South,Office Supplies,Paper,Home Office,5,236.94,1184.7,-140.53
ORD-10821,2023-08-28,Central,Office Supplies,Paper,Consumer,5,497.84,2489.2,159.56
ORD-10141,2023-08-29,Central,Furniture,Bookcase,Consumer,2,453.23,906.46,203.9
ORD-10717,2023-08-30,East,Technology,Accessories,Consumer,4,528.06,2112.24,54.71
ORD-10522,2023-08-30,West,Office Supplies,Pens,Corporate,4,84.88,339.52,38.91
ORD-10051,2023-08-30,South,Furniture,Furnishings,Corporate,5,239.74,1198.7,328.59
ORD-10641,2023-08-30,Central,Furniture,Furnishings,Corporate,2,228.84,457.68,94.51
ORD-10155,2023-08-31,South,Technology,Copiers,Home Office,2,105.9,211.8,58.06
ORD-10958,2023-08-31,South,Office Supplies,Pens,Consumer,1,363.84,363.84,-49.92
ORD-10039,2023-09-01,South,Office Supplies,Pens,Consumer,2,302.26,604.52,100.21
ORD-10370,2023-09-03,West,Office Supplies,Pens,Home Office,1,10.68,10.68,0.51
ORD-10485,2023-09-03,East,Technology,Computers,Consumer,5,402.11,2010.55,-83.7
ORD-10220,2023-09-04,East,Office Supplies,Pens,Corporate,2,51.55,103.1,-0.39
ORD-10500,2023-09-04,Central,Office Supplies,Paper,Corporate,4,277.58,1110.32,24.17
ORD-10374,2023-09-04,West,Technology,Accessories,Corporate,4,452.29,1809.16,258.72
ORD-10802,2023-09-04,East,Office Supplies,Paper,Consumer,2,470.55,941.1,304.97
ORD-10461,2023-09-04,South,Office Supplies,Binders,Home Office,1,393.89,393.89,-24.01
ORD-10957,2023-09-04,Central,Technology,Phones,Home Office,1,641.2,641.2,131.8
ORD-10538,2023-09-06,South,Furniture,Furnishings,Corporate,4,243.94,975.76,222.08
ORD-10823,2023-09-06,East,Office Supplies,Binders,Consumer,5,128.92,644.6,165.95
ORD-10798,2023-09-06,Central,Furniture,Furnishings,Home Office,5,24.31,121.55,6.15
ORD-10860,2023-09-06,South,Office Supplies,Paper,Corporate,2,101.52,203.04,-5.6
ORD-10767,2023-09-07,Central,Furniture,Furnishings,Consumer,3,161.29,483.87,68.63
ORD-10483,2023-09-07,South,Office Supplies,Binders,Consumer,2,448.3,896.6,269.02
ORD-10491,2023-09-07,South,Office Supplies,Appliances,Home Office,5,286.15,1430.75,-52.94
ORD-10718,2023-09-08,East,Furniture,Furnishings,Consumer,3,259.67,779.01,211.31
ORD-10776,2023-09-08,East,Office Supplies,Pens,Consumer,5,67.0,335.0,53.78
ORD-10078,2023-09-09,South,Technology,Accessories,Consumer,4,488.32,1953.28,247.91
ORD-10088,2023-09-09,Central,Office Supplies,Paper,Consumer,3,492.25,1476.75,-173.86
ORD-10628,2023-09-09,Central,Technology,Accessories,Corporate,3,630.35,1891.05,319.7
ORD-10666,2023-09-09,East,Furniture,Bookcase,Consumer,2,442.82,885.64,92.72
ORD-10258,2023-09-09,South,Furniture,Bookcase,Consumer,2,61.67,123.34,1.37
ORD-10241,2023-09-09,East,Furniture,Furnishings,Corporate,3,41.75,125.25,-9.46
ORD-10788,2023-09-09,East,Office Supplies,Paper,Corporate,5,292.0,1460.0,-158.3
ORD-10603,2023-09-10,East,Furniture,Bookcase,Corporate,3,35.15,105.45,-19.3
ORD-10026,2023-09-10,West,Office Supplies,Appliances,Home Office,3,81.84,245.52,-24.54
ORD-10878,2023-09-10,Central,Furniture,Bookcase,Corporate,3,305.32,915.96,-99.17
ORD-10521,2023-09-10,East,Office Supplies,Paper,Corporate,2,333.08,666.16,185.76
ORD-10709,2023-09-10,West,Office Supplies,Appliances,Corporate,3,71.18,213.54,67.15
ORD-10347,2023-09-10,South,Office Supplies,Appliances,Consumer,5,364.74,1823.7,411.52
ORD-10285,2023-09-11,South,Office Supplies,Appliances,Home Office,4,404.26,1617.04,100.36
ORD-10265,2023-09-11,South,Office Supplies,Paper,Consumer,4,117.01,468.04,5.3
ORD-10479,2023-09-11,East,Office Supplies,Appliances,Consumer,2,464.67,929.34,-154.28
ORD-10225,2023-09-12,Central,Office Supplies,Paper,Home Office,5,164.89,824.45,287.23
ORD-10130,2023-09-12,West,Office Supplies,Appliances,Consumer,3,465.15,1395.45,129.42
ORD-10779,2023-09-12,East,Office Supplies,Pens,Consumer,5,130.86,654.3,96.23
ORD-10349,2023-09-13,West,Furniture,Table,Consumer,5,211.2,1056.0,92.27
ORD-10711,2023-09-13,South,Office Supplies,Appliances,Corporate,3,106.38,319.14,76.24
ORD-10874,2023-09-14,East,Office Supplies,Binders,Corporate,2,184.0,368.0,8.66
ORD-10127,2023-09-14,West,Office Supplies,Pens,Corporate,3,383.62,1150.86,284.43
ORD-10494,2023-09-14,Central,Office Supplies,Paper,Corporate,3,178.66,535.98,-0.32
ORD-10501,2023-09-15,West,Technology,Phones,Corporate,3,721.98,2165.94,95.87
ORD-10018,2023-09-15,South,Technology,Computers,Consumer,1,653.4,653.4,55.77
ORD-10239,2023-09-16,South,Technology,Copiers,Consumer,1,233.78,233.78,59.89
ORD-10179,2023-09-16,Central,Furniture,Chair,Consumer,4,82.54,330.16,-58.09
ORD-10770,2023-09-16,East,Office Supplies,Appliances,Consumer,4,328.84,1315.36,459.07
ORD-10679,2023-09-16,South,Office Supplies,Appliances,Home Office,4,212.05,848.2,-25.3
ORD-10746,2023-09-16,East,Office Supplies,Appliances,Corporate,4,411.77,1647.08,-203.52
ORD-10759,2023-09-17,East,Office Supplies,Pens,Consumer,2,291.76,583.52,168.61
ORD-10066,2023-09-17,South,Technology,Phones,Consumer,2,608.57,1217.14,195.21
ORD-10106,2023-09-18,West,Technology,Phones,Consumer,4,308.23,1232.92,155.48
ORD-10418,2023-09-19,South,Office Supplies,Binders,Home Office,3,219.42,658.26,148.68
ORD-10815,2023-09-19,East,Technology,Computers,Consumer,4,19.88,79.52,22.3
ORD-10257,2023-09-20,South,Office Supplies,Appliances,Consumer,1,320.02,320.02,-55.0
ORD-10527,2023-09-21,Central,Furniture,Bookcase,Home Office,5,45.6,228.0,-41.22
ORD-10929,2023-09-21,South,Furniture,Furnishings,Consumer,5,282.26,1411.3,17.72
ORD-10314,2023-09-21,East,Furniture,Table,Corporate,5,455.98,2279.9,595.16
ORD-10057,2023-09-21,West,Technology,Accessories,Corporate,1,257.26,257.26,22.48
ORD-10411,2023-09-21,West,Furniture,Table,Consumer,1,372.83,372.83,99.31
ORD-10385,2023-09-21,West,Office Supplies,Binders,Consumer,2,443.06,886.12,9.58
ORD-10571,2023-09-22,Central,Office Supplies,Binders,Home Office,4,392.82,1571.28,-74.81
ORD-10052,2023-09-22,Central,Office Supplies,Binders,Home Office,3,282.54,847.62,54.74
ORD-10728,2023-09-24,East,Technology,Phones,Home Office,1,429.56,429.56,101.2
ORD-10253,2023-09-24,West,Office Supplies,Appliances,Corporate,3,26.97,80.91,-3.82
ORD-10772,2023-09-25,West,Office Supplies,Pens,Consumer,4,491.33,1965.32,592.54
ORD-10113,2023-09-25,Central,Technology,Phones,Consumer,3,343.26,1029.78,322.97
ORD-10198,2023-09-25,South,Office Supplies,Pens,Consumer,1,466.89,466.89,71.63
ORD-10510,2023-09-25,Central,Furniture,Furnishings,Corporate,3,473.64,1420.92,28.58
ORD-10552,2023-09-25,Central,Office Supplies,Appliances,Consumer,5,132.09,660.45,160.0
ORD-10426,2023-09-26,East,Office Supplies,Appliances,Corporate,5,316.87,1584.35,430.89
ORD-10073,2023-09-27,Central,Furniture,Furnishings,Consumer,5,256.2,1281.0,-251.7
ORD-10076,2023-09-28,South,Technology,Phones,Consumer,4,518.26,2073.04,-337.26
ORD-10408,2023-09-28,West,Office Supplies,Paper,Consumer,1,235.2,235.2,66.04
ORD-10002,2023-09-28,West,Office Supplies,Pens,Consumer,1,426.11,426.11,89.6
ORD-10033,2023-09-28,West,Office Supplies,Binders,Corporate,4,416.17,1664.68,-16.89
ORD-10684,2023-09-29,Central,Technology,Copiers,Consumer,2,698.15,1396.3,125.91
ORD-10455,2023-09-29,South,Furniture,Bookcase,Consumer,1,383.75,383.75,121.74
ORD-10811,2023-09-30,East,Furniture,Furnishings,Consumer,4,394.32,1577.28,-104.04
ORD-10367,2023-09-30,West,Office Supplies,Binders,Consumer,1,439.6,439.6,58.48
ORD-10909,2023-09-30,South,Furniture,Bookcase,Consumer,3,330.12,990.36,-90.11
ORD-10560,2023-09-30,Central,Technology,Phones,Home Office,1,725.16,725.16,105.49
ORD-10047,2023-10-01,South,Technology,Phones,Home Office,1,144.96,144.96,14.21
ORD-10900,2023-10-01,Central,Office Supplies,Appliances,Corporate,3,127.09,381.27,20.13
ORD-10434,2023-10-02,West,Office Supplies,Appliances,Consumer,2,174.24,348.48,31.44
ORD-10984,2023-10-02,West,Technology,Accessories,Home Office,5,59.25,296.25,-49.76
ORD-10629,2023-10-02,West,Office Supplies,Paper,Home Office,4,60.73,242.92,5.9
ORD-10944,2023-10-04,Central,Furniture,Bookcase,Corporate,1,405.14,405.14,5.44
ORD-10537,2023-10-04,East,Office Supplies,Binders,Consumer,1,464.79,464.79,-8.09
ORD-10022,2023-10-04,West,Furniture,Chair,Corporate,3,317.97,953.91,-183.91
ORD-10300,2023-10-04,South,Furniture,Bookcase,Home Office,2,203.72,407.44,-45.94
ORD-10318,2023-10-04,East,Furniture,Bookcase,Consumer,5,174.19,870.95,179.82
ORD-10841,2023-10-04,East,Office Supplies,Pens,Consumer,4,489.58,1958.32,148.89
ORD-10459,2023-10-05,Central,Office Supplies,Appliances,Consumer,1,372.09,372.09,-17.24
ORD-10555,2023-10-06,Central,Office Supplies,Pens,Corporate,4,386.9,1547.6,245.36
ORD-10441,2023-10-06,Central,Office Supplies,Binders,Consumer,2,371.58,743.16,-109.84
ORD-10498,2023-10-07,East,Office Supplies,Appliances,Consumer,3,329.92,989.76,330.71
ORD-10338,2023-10-07,East,Furniture,Furnishings,Consumer,3,477.65,1432.95,103.27
ORD-10227,2023-10-07,Central,Furniture,Table,Home Office,5,171.74,858.7,-31.71
ORD-10086,2023-10-07,South,Furniture,Furnishings,Consumer,4,399.29,1597.16,103.56
ORD-10360,2023-10-07,West,Office Supplies,Pens,Consumer,4,394.17,1576.68,321.55
ORD-10353,2023-10-08,South,Office Supplies,Pens,Consumer,4,492.5,1970.0,423.23
ORD-10831,2023-10-08,West,Furniture,Furnishings,Home Office,2,138.08,276.16,96.35
ORD-10859,2023-10-09,South,Technology,Phones,Consumer,4,547.7,2190.8,-299.4
ORD-10936,2023-10-09,South,Office Supplies,Appliances,Consumer,3,383.23,1149.69,-73.24
ORD-10730,2023-10-09,West,Furniture,Table,Consumer,4,275.92,1103.68,319.78
ORD-10610,2023-10-10,South,Office Supplies,Paper,Corporate,5,284.47,1422.35,234.21
ORD-10132,2023-10-10,East,Furniture,Furnishings,Corporate,5,96.37,481.85,-18.12
ORD-10175,2023-10-10,East,Technology,Accessories,Corporate,3,313.51,940.53,96.21
ORD-10735,2023-10-10,South,Office Supplies,Binders,Consumer,4,395.16,1580.64,-295.23
ORD-10315,2023-10-10,West,Technology,Accessories,Corporate,1,680.25,680.25,-36.28
ORD-10321,2023-10-11,East,Furniture,Furnishings,Consumer,1,469.0,469.0,61.82
ORD-10163,2023-10-11,West,Office Supplies,Binders,Consumer,5,443.87,2219.35,105.16
ORD-10572,2023-10-11,South,Furniture,Table,Consumer,2,92.69,185.38,36.55
ORD-10157,2023-10-11,East,Office Supplies,Binders,Consumer,2,255.52,511.04,-36.84
ORD-10467,2023-10-12,West,Office Supplies,Binders,Corporate,5,385.88,1929.4,36.32
ORD-10807,2023-10-12,Central,Office Supplies,Binders,Corporate,4,458.33,1833.32,140.4
ORD-10517,2023-10-12,East,Furniture,Bookcase,Consumer,2,473.64,947.28,217.77
ORD-10559,2023-10-13,West,Technology,Copiers,Home Office,5,400.81,2004.05,406.45
ORD-10716,2023-10-13,Central,Office Supplies,Pens,Consumer,1,202.99,202.99,-34.19
ORD-10168,2023-10-13,South,Office Supplies,Appliances,Corporate,4,327.6,1310.4,322.2
ORD-10794,2023-10-13,West,Furniture,Furnishings,Consumer,5,473.13,2365.65,407.49
ORD-10319,2023-10-13,East,Office Supplies,Appliances,Home Office,3,333.19,999.57,101.57
ORD-10760,2023-10-15,West,Office Supplies,Binders,Home Office,3,227.39,682.17,-25.21
ORD-10362,2023-10-15,South,Office Supplies,Paper,Consumer,1,269.47,269.47,26.25
ORD-10391,2023-10-15,West,Office Supplies,Pens,Corporate,4,108.96,435.84,-19.8
ORD-10105,2023-10-16,South,Technology,Copiers,Consumer,2,183.88,367.76,122.93
ORD-10942,2023-10-16,Central,Office Supplies,Appliances,Home Office,1,430.2,430.2,-65.04
ORD-10299,2023-10-16,Central,Office Supplies,Binders,Consumer,4,155.08,620.32,-25.13
ORD-10722,2023-10-16,West,Furniture,Furnishings,Home Office,5,148.98,744.9,43.33
ORD-10478,2023-10-16,East,Office Supplies,Binders,Home Office,3,425.52,1276.56,-192.83
ORD-10448,2023-10-17,West,Furniture,Chair,Consumer,5,380.85,1904.25,632.72
ORD-10488,2023-10-17,South,Office Supplies,Appliances,Consumer,2,282.49,564.98,179.92
ORD-10626,2023-10-19,South,Technology,Copiers,Corporate,4,151.94,607.76,152.73
ORD-10873,2023-10-19,West,Office Supplies,Appliances,Consumer,5,56.89,284.45,-14.97
ORD-10996,2023-10-20,West,Technology,Computers,Consumer,5,326.37,1631.85,96.1
ORD-10118,2023-10-20,Central,Technology,Accessories,Home Office,2,188.78,377.56,97.03
ORD-10226,2023-10-21,East,Office Supplies,Appliances,Corporate,1,51.05,51.05,-9.39
ORD-10901,2023-10-21,East,Office Supplies,Paper,Corporate,2,216.26,432.52,67.82
ORD-10020,2023-10-21,South,Office Supplies,Paper,Home Office,2,235.52,471.04,30.36
ORD-10790,2023-10-21,East,Technology,Copiers,Consumer,3,487.1,1461.3,-105.09
ORD-10199,2023-10-22,East,Office Supplies,Appliances,Consumer,4,195.0,780.0,89.33
ORD-10080,2023-10-23,West,Office Supplies,Appliances,Corporate,5,427.83,2139.15,192.23
ORD-10255,2023-10-25,South,Office Supplies,Binders,Consumer,5,465.07,2325.35,-253.78
ORD-10369,2023-10-26,Central,Office Supplies,Paper,Home Office,3,393.71,1181.13,154.26
ORD-10913,2023-10-27,East,Technology,Accessories,Consumer,3,710.35,2131.05,425.07
ORD-10979,2023-10-27,East,Office Supplies,Binders,Consumer,2,136.47,272.94,60.59
ORD-10857,2023-10-28,East,Office Supplies,Appliances,Consumer,2,457.77,915.54,65.41
ORD-10624,2023-10-28,West,Technology,Copiers,Consumer,3,603.91,1811.73,620.72
ORD-10093,2023-10-28,Central,Technology,Computers,Corporate,2,617.42,1234.84,-219.0
ORD-10340,2023-10-29,South,Office Supplies,Paper,Consumer,4,196.23,784.92,90.75
ORD-10520,2023-10-29,East,Furniture,Furnishings,Consumer,5,49.51,247.55,-23.2
ORD-10780,2023-10-30,South,Office Supplies,Appliances,Consumer,2,174.49,348.98,35.09
ORD-10661,2023-10-30,West,Office Supplies,Paper,Consumer,3,357.77,1073.31,-100.64
ORD-10713,2023-10-30,West,Office Supplies,Paper,Home Office,2,401.91,803.82,31.34
ORD-10881,2023-10-30,South,Furniture,Table,Consumer,2,30.17,60.34,16.59
ORD-10301,2023-10-31,East,Technology,Accessories,Consumer,4,306.32,1225.28,-175.81
ORD-10273,2023-10-31,East,Furniture,Table,Consumer,2,190.53,381.06,23.13
ORD-10075,2023-10-31,East,Furniture,Table,Corporate,1,481.68,481.68,-5.77
ORD-10323,2023-10-31,South,Office Supplies,Pens,Corporate,4,389.58,1558.32,-135.98
ORD-10264,2023-10-31,East,Office Supplies,Paper,Corporate,5,347.78,1738.9,63.4
ORD-10404,2023-11-01,South,Office Supplies,Paper,Corporate,2,15.96,31.92,10.21
ORD-10674,2023-11-01,Central,Office Supplies,Pens,Consumer,3,60.86,182.58,23.38
ORD-10771,2023-11-02,South,Furniture,Bookcase,Corporate,2,37.31,74.62,18.81
ORD-10377,2023-11-02,East,Furniture,Bookcase,Consumer,3,442.08,1326.24,-117.44
ORD-10791,2023-11-02,South,Office Supplies,Pens,Consumer,2,158.18,316.36,14.67
ORD-10186,2023-11-03,East,Office Supplies,Pens,Home Office,5,51.41,257.05,30.19
ORD-10042,2023-11-03,East,Technology,Accessories,Home Office,3,712.36,2137.08,38.8
ORD-10247,2023-11-04,West,Office Supplies,Appliances,Corporate,5,317.5,1587.5,199.13
ORD-10797,2023-11-04,South,Furniture,Furnishings,Consumer,2,66.68,133.36,0.17
ORD-10424,2023-11-04,South,Office Supplies,Pens,Corporate,4,233.45,933.8,318.26
ORD-10017,2023-11-05,South,Office Supplies,Appliances,Home Office,3,228.17,684.51,-94.27
ORD-10067,2023-11-06,East,Furniture,Furnishings,Consumer,3,363.09,1089.27,79.22
ORD-10293,2023-11-06,West,Furniture,Bookcase,Consumer,4,290.64,1162.56,213.64
ORD-10955,2023-11-07,West,Technology,Accessories,Consumer,2,15.68,31.36,0.91
ORD-10423,2023-11-07,South,Office Supplies,Paper,Consumer,5,348.85,1744.25,-139.03
ORD-10740,2023-11-07,South,Furniture,Furnishings,Consumer,3,174.32,522.96,128.38
ORD-10715,2023-11-08,East,Office Supplies,Paper,Consumer,4,118.02,472.08,-79.24
ORD-10652,2023-11-08,East,Technology,Accessories,Consumer,4,222.06,888.24,6.55
ORD-10893,2023-11-08,South,Furniture,Furnishings,Corporate,4,127.49,509.96,78.98
ORD-10777,2023-11-09,Central,Office Supplies,Appliances,Consumer,5,227.27,1136.35,59.79
ORD-10380,2023-11-09,West,Technology,Phones,Corporate,3,329.44,988.32,-147.32
ORD-10401,2023-11-10,East,Office Supplies,Pens,Consumer,1,109.89,109.89,-3.18
ORD-10024,2023-11-10,West,Office Supplies,Paper,Consumer,3,108.9,326.7,96.03
ORD-10533,2023-11-10,South,Furniture,Bookcase,Consumer,3,482.09,1446.27,-181.8
ORD-10190,2023-11-11,Central,Technology,Copiers,Consumer,1,718.87,718.87,1.7
ORD-10734,2023-11-11,South,Office Supplies,Paper,Corporate,1,314.48,314.48,99.28
ORD-10939,2023-11-11,West,Technology,Accessories,Consumer,2,526.9,1053.8,28.04
ORD-10379,2023-11-12,East,Office Supplies,Paper,Corporate,1,420.7,420.7,-40.51
ORD-10694,2023-11-12,East,Technology,Computers,Consumer,1,578.29,578.29,-95.96
ORD-10049,2023-11-12,Central,Office Supplies,Pens,Corporate,1,472.31,472.31,-84.22
ORD-10646,2023-11-13,East,Furniture,Bookcase,Consumer,1,149.22,149.22,4.41
ORD-10660,2023-11-13,West,Office Supplies,Paper,Corporate,3,122.55,367.65,-12.89
ORD-10845,2023-11-13,East,Technology,Computers,Consumer,4,448.23,1792.92,-233.24
ORD-10322,2023-11-13,East,Furniture,Furnishings,Consumer,2,495.15,990.3,-67.8
ORD-10951,2023-11-14,West,Office Supplies,Paper,Consumer,1,400.25,400.25,-21.24
ORD-10440,2023-11-14,South,Technology,Computers,Consumer,4,370.21,1480.84,31.15
ORD-10183,2023-11-14,Central,Office Supplies,Appliances,Corporate,4,31.66,126.64,-3.04
ORD-10196,2023-11-14,Central,Furniture,Table,Corporate,4,393.52,1574.08,297.85
ORD-10433,2023-11-15,Central,Technology,Accessories,Consumer,2,532.74,1065.48,15.0
ORD-10868,2023-11-15,East,Office Supplies,Paper,Consumer,4,197.81,791.24,-53.34
ORD-10937,2023-11-16,Central,Furniture,Table,Corporate,1,188.78,188.78,14.33
ORD-10994,2023-11-16,East,Furniture,Furnishings,Corporate,1,275.57,275.57,10.97
ORD-10040,2023-11-16,West,Technology,Computers,Home Office,2,320.86,641.72,-3.45
ORD-10619,2023-11-17,East,Technology,Accessories,Consumer,1,53.86,53.86,3.63
ORD-10384,2023-11-17,South,Office Supplies,Appliances,Corporate,3,232.18,696.54,141.4
ORD-10390,2023-11-18,South,Technology,Computers,Consumer,3,452.14,1356.42,-121.26
ORD-10965,2023-11-18,West,Office Supplies,Binders,Consumer,1,57.74,57.74,10.31
ORD-10357,2023-11-19,Central,Office Supplies,Binders,Consumer,3,402.74,1208.22,-160.55
ORD-10511,2023-11-19,South,Office Supplies,Pens,Corporate,1,303.75,303.75,49.43
ORD-10350,2023-11-19,East,Technology,Accessories,Consumer,5,233.18,1165.9,-85.43
ORD-10983,2023-11-20,East,Office Supplies,Appliances,Consumer,3,134.94,404.82,-69.31
ORD-10221,2023-11-20,South,Office Supplies,Appliances,Corporate,2,83.19,166.38,30.41
ORD-10486,2023-11-21,Central,Office Supplies,Appliances,Consumer,1,86.38,86.38,-11.74
ORD-10495,2023-11-21,East,Office Supplies,Binders,Consumer,1,182.38,182.38,55.1
ORD-10228,2023-11-21,West,Furniture,Furnishings,Consumer,3,451.14,1353.42,214.41
ORD-10981,2023-11-22,West,Office Supplies,Pens,Corporate,3,241.14,723.42,187.51
ORD-10847,2023-11-22,West,Technology,Phones,Corporate,2,405.25,810.5,13.62
ORD-10237,2023-11-22,East,Technology,Copiers,Consumer,3,732.77,2198.31,-305.79
ORD-10407,2023-11-22,Central,Office Supplies,Pens,Home Office,5,114.84,574.2,110.85
ORD-10096,2023-11-23,Central,Furniture,Furnishings,Consumer,2,393.0,786.0,50.69
ORD-10622,2023-11-23,East,Office Supplies,Appliances,Consumer,3,156.49,469.47,-77.45
ORD-10153,2023-11-23,Central,Furniture,Table,Corporate,2,434.69,869.38,211.48
ORD-10112,2023-11-24,West,Technology,Copiers,Consumer,4,207.79,831.16,-140.14
ORD-10045,2023-11-25,West,Office Supplies,Paper,Consumer,3,301.15,903.45,47.72
ORD-10810,2023-11-26,Central,Office Supplies,Paper,Consumer,4,73.18,292.72,-49.79
ORD-10682,2023-11-26,Central,Technology,Accessories,Consumer,3,130.38,391.14,73.78
ORD-10514,2023-11-26,Central,Technology,Phones,Consumer,1,46.4,46.4,-5.21
ORD-10010,2023-11-27,East,Furniture,Bookcase,Home Office,4,287.1,1148.4,251.9
ORD-10950,2023-11-27,Central,Office Supplies,Appliances,Corporate,2,150.88,301.76,34.45
ORD-10597,2023-11-27,East,Furniture,Chair,Consumer,3,336.26,1008.78,66.67
ORD-10169,2023-11-27,South,Technology,Computers,Corporate,5,106.36,531.8,-76.48
ORD-10999,2023-11-29,West,Furniture,Chair,Consumer,3,178.57,535.71,3.88
ORD-10969,2023-12-01,East,Technology,Computers,Consumer,4,405.09,1620.36,509.87
ORD-10975,2023-12-01,South,Office Supplies,Pens,Consumer,5,303.21,1516.05,-213.78
ORD-10795,2023-12-01,South,Furniture,Furnishings,Consumer,4,76.21,304.84,-43.42
ORD-10800,2023-12-01,East,Technology,Accessories,Consumer,2,188.38,376.76,90.12
ORD-10499,2023-12-02,East,Office Supplies,Paper,Home Office,4,62.6,250.4,34.31
ORD-10826,2023-12-02,West,Technology,Computers,Corporate,3,70.03,210.09,71.75
ORD-10525,2023-12-03,South,Technology,Copiers,Consumer,4,239.09,956.36,-127.04
ORD-10871,2023-12-03,West,Office Supplies,Pens,Corporate,2,263.25,526.5,-29.24
ORD-10291,2023-12-04,South,Furniture,Furnishings,Corporate,4,330.98,1323.92,293.07
ORD-10793,2023-12-04,South,Technology,Accessories,Home Office,1,84.33,84.33,13.59
ORD-10250,2023-12-04,East,Office Supplies,Paper,Consumer,2,454.15,908.3,-62.34
ORD-10084,2023-12-04,West,Office Supplies,Pens,Home Office,3,484.26,1452.78,-142.32
ORD-10576,2023-12-05,West,Furniture,Table,Consumer,5,453.24,2266.2,587.98
ORD-10616,2023-12-05,Central,Office Supplies,Pens,Corporate,3,159.53,478.59,16.8
ORD-10284,2023-12-06,West,Office Supplies,Pens,Home Office,1,184.32,184.32,36.71
ORD-10503,2023-12-06,East,Furniture,Table,Consumer,5,356.51,1782.55,-262.66
ORD-10055,2023-12-06,East,Technology,Computers,Corporate,5,400.24,2001.2,633.35
ORD-10812,2023-12-06,Central,Office Supplies,Binders,Consumer,3,183.6,550.8,117.91
ORD-10167,2023-12-06,East,Office Supplies,Pens,Consumer,3,229.92,689.76,182.37
ORD-10729,2023-12-07,South,Office Supplies,Pens,Home Office,1,393.67,393.67,26.8
ORD-10475,2023-12-07,East,Furniture,Bookcase,Consumer,1,328.42,328.42,-30.95
ORD-10783,2023-12-07,Central,Office Supplies,Paper,Corporate,5,18.17,90.85,18.57
ORD-10403,2023-12-08,West,Technology,Phones,Consumer,2,313.31,626.62,134.4
ORD-10564,2023-12-08,Central,Office Supplies,Binders,Consumer,5,223.81,1119.05,175.16
ORD-10393,2023-12-08,Central,Office Supplies,Pens,Consumer,4,225.87,903.48,219.74
ORD-10363,2023-12-08,South,Office Supplies,Appliances,Home Office,5,480.95,2404.75,463.94
ORD-10620,2023-12-08,Central,Furniture,Furnishings,Home Office,3,438.37,1315.11,-44.24
ORD-10733,2023-12-08,East,Furniture,Furnishings,Consumer,5,238.75,1193.75,229.3
ORD-10210,2023-12-09,Central,Technology,Phones,Consumer,2,149.46,298.92,-4.17
ORD-10098,2023-12-10,West,Furniture,Bookcase,Corporate,5,95.15,475.75,111.48
ORD-10019,2023-12-10,Central,Office Supplies,Paper,Consumer,2,402.41,804.82,-158.91
ORD-10028,2023-12-11,South,Furniture,Table,Consumer,1,278.1,278.1,-16.79
ORD-10095,2023-12-11,South,Office Supplies,Appliances,Corporate,4,401.86,1607.44,-21.38
ORD-10260,2023-12-12,Central,Office Supplies,Binders,Consumer,1,324.99,324.99,93.73
ORD-10053,2023-12-12,Central,Office Supplies,Binders,Consumer,4,288.35,1153.4,279.34
ORD-10242,2023-12-12,South,Office Supplies,Pens,Home Office,2,335.56,671.12,84.74
ORD-10135,2023-12-12,West,Office Supplies,Binders,Consumer,2,450.51,901.02,-5.06
ORD-10437,2023-12-12,Central,Furniture,Bookcase,Corporate,1,39.55,39.55,4.16
ORD-10852,2023-12-12,West,Office Supplies,Pens,Consumer,1,96.3,96.3,7.09
ORD-10635,2023-12-12,East,Office Supplies,Paper,Corporate,2,27.8,55.6,17.34
ORD-10796,2023-12-13,West,Technology,Copiers,Consumer,3,552.23,1656.69,434.07
ORD-10649,2023-12-14,East,Office Supplies,Paper,Home Office,3,381.64,1144.92,-202.07
ORD-10689,2023-12-14,West,Furniture,Chair,Consumer,5,330.86,1654.3,67.4
ORD-10171,2023-12-14,Central,Technology,Copiers,Consumer,2,294.36,588.72,28.0
ORD-10762,2023-12-14,Central,Office Supplies,Binders,Home Office,3,312.45,937.35,-31.88
ORD-10339,2023-12-15,West,Office Supplies,Pens,Consumer,5,21.15,105.75,-17.79
ORD-10238,2023-12-15,East,Furniture,Furnishings,Corporate,1,149.65,149.65,45.03
ORD-10290,2023-12-15,East,Technology,Copiers,Corporate,3,555.37,1666.11,431.16
ORD-10460,2023-12-15,East,Technology,Phones,Home Office,4,371.89,1487.56,35.12
ORD-10001,2023-12-15,East,Office Supplies,Appliances,Consumer,5,6.34,31.7,-4.31
ORD-10952,2023-12-16,East,Furniture,Chair,Consumer,1,222.14,222.14,-17.76
ORD-10866,2023-12-16,East,Furniture,Bookcase,Consumer,2,154.8,309.6,16.41
ORD-10420,2023-12-16,East,Office Supplies,Paper,Corporate,3,431.45,1294.35,359.51
ORD-10949,2023-12-16,West,Technology,Computers,Corporate,2,603.89,1207.78,131.69
ORD-10074,2023-12-17,Central,Office Supplies,Paper,Corporate,2,318.83,637.66,61.85
ORD-10743,2023-12-17,South,Technology,Computers,Consumer,2,283.74,567.48,-84.64
ORD-10139,2023-12-18,Central,Furniture,Table,Consumer,1,250.9,250.9,86.13
ORD-10833,2023-12-18,South,Technology,Computers,Consumer,1,93.45,93.45,24.7
ORD-10245,2023-12-18,South,Office Supplies,Paper,Home Office,4,434.93,1739.72,-286.05
ORD-10389,2023-12-20,Central,Technology,Accessories,Consumer,2,378.33,756.66,71.33
ORD-10557,2023-12-21,West,Office Supplies,Appliances,Home Office,4,157.35,629.4,86.54
ORD-10877,2023-12-21,Central,Furniture,Furnishings,Consumer,3,198.39,595.17,98.92
ORD-10422,2023-12-21,East,Technology,Phones,Corporate,1,203.57,203.57,64.43
ORD-10376,2023-12-21,East,Office Supplies,Appliances,Consumer,2,433.72,867.44,278.19
ORD-10998,2023-12-22,West,Office Supplies,Paper,Consumer,2,176.08,352.16,49.95
ORD-10540,2023-12-23,East,Office Supplies,Paper,Corporate,5,39.35,196.75,-29.62
ORD-10698,2023-12-23,South,Technology,Computers,Consumer,4,391.1,1564.4,-68.0
ORD-10481,2023-12-23,South,Office Supplies,Binders,Home Office,4,378.16,1512.64,178.25
ORD-10685,2023-12-24,East,Furniture,Table,Consumer,3,154.87,464.61,43.14
ORD-10745,2023-12-24,West,Technology,Copiers,Corporate,4,245.84,983.36,87.86
ORD-10131,2023-12-25,Central,Furniture,Table,Consumer,1,488.48,488.48,123.46
ORD-10180,2023-12-25,West,Office Supplies,Paper,Consumer,3,277.3,831.9,11.45
ORD-10358,2023-12-26,East,Technology,Phones,Consumer,3,46.03,138.09,-16.82
ORD-10251,2023-12-26,West,Office Supplies,Paper,Consumer,3,226.5,679.5,41.35
ORD-10121,2023-12-26,South,Technology,Phones,Consumer,1,74.68,74.68,-3.08
ORD-10062,2023-12-26,East,Office Supplies,Paper,Corporate,3,413.97,1241.91,298.58
ORD-10013,2023-12-26,East,Office Supplies,Binders,Consumer,5,414.27,2071.35,678.35
ORD-10829,2023-12-26,East,Furniture,Table,Corporate,3,268.99,806.97,280.66
ORD-10647,2023-12-27,South,Technology,Copiers,Home Office,3,252.64,757.92,-107.06
ORD-10558,2023-12-27,East,Technology,Accessories,Corporate,3,681.49,2044.47,711.7
ORD-10898,2023-12-29,South,Office Supplies,Appliances,Home Office,5,172.49,862.45,271.27
ORD-10630,2023-12-30,West,Furniture,Table,Consumer,2,317.53,635.06,-32.51
ORD-10037,2023-12-30,East,Office Supplies,Paper,Consumer,2,267.18,534.36,132.67
ORD-10940,2023-12-31,South,Office Supplies,Binders,Consumer,1,453.9,453.9,55.85
ORD-10719,2023-12-31,South,Office Supplies,Paper,Consumer,3,231.16,693.48,42.52
ORD-10618,2023-12-31,South,Technology,Copiers,Consumer,4,673.52,2694.08,714.92
ORD-10312,2023-12-31,Central,Office Supplies,Binders,Consumer,5,342.69,1713.45,98.5
ORD-10419,2023-12-31,East,Office Supplies,Binders,Consumer,2,210.41,420.82,80.81
ORD-10889,2023-12-31,East,Office Supplies,Paper,Consumer,4,101.26,405.04,44.18
